Date,Name,Year,Letterboxd URI
2020-03-29,The Tree of Life,2011,https://boxd.it/1Zu8
2020-03-29,Solaris,1972,https://boxd.it/2a2Y
2020-03-29,The Handmaiden,2016,https://boxd.it/948A
2020-03-29,You Were Never Really Here,2017,https://boxd.it/dWOS
2020-03-29,The Witch,2015,https://boxd.it/9X0m
2020-03-29,Metropolis,1927,https://boxd.it/71a
2020-03-29,I Saw the Devil,2010,https://boxd.it/FaK
2020-03-29,Ratataplan,1979,https://boxd.it/8e
2020-03-29,"I, Tonya",2017,https://boxd.it/dzR0
2020-03-29,The Conversation,1974,https://boxd.it/2a38
2020-03-29,The Birds,1963,https://boxd.it/2a6m
2020-03-29,Magnolia,1999,https://boxd.it/2aze
2020-03-29,Crimson Peak,2015,https://boxd.it/62Ty
2020-03-29,The Elephant Man,1980,https://boxd.it/27LQ
2020-03-29,Manchester by the Sea,2016,https://boxd.it/b2L0
2020-03-29,Akira,1988,https://boxd.it/2b1i
2020-04-06,Talk to Her,2002,https://boxd.it/2beG
2020-04-18,Death and the Maiden,1994,https://boxd.it/1W26
2020-04-22,Psycho,1960,https://boxd.it/2ab2
2020-05-05,High and Low,1963,https://boxd.it/1RSc
2020-05-09,Zelig,1983,https://boxd.it/1UOC
2020-05-09,Boyhood,2014,https://boxd.it/3178
2020-05-11,"Black Cat, White Cat",1998,https://boxd.it/295s
2020-05-11,Live Flesh,1997,https://boxd.it/2aJ4
2020-05-11,Tie Me Up! Tie Me Down!,1989,https://boxd.it/26FW
2020-05-11,Border,2018,https://boxd.it/iMbG
2020-05-12,Princess Mononoke,1997,https://boxd.it/2b4w
2020-05-12,Casablanca,1942,https://boxd.it/2aG0
2020-05-12,The Pianist,2002,https://boxd.it/2aqc
2020-05-12,Tropic Thunder,2008,https://boxd.it/20WM
2020-05-12,Whisper of the Heart,1995,https://boxd.it/17uy
2020-05-12,Yojimbo,1961,https://boxd.it/1SRY
2020-05-12,Eyes Wide Shut,1999,https://boxd.it/2axs
2020-05-19,Gangs of New York,2002,https://boxd.it/25FG
2020-05-19,Les Misérables,2019,https://boxd.it/lAPA
2020-05-21,Crimes and Misdemeanors,1989,https://boxd.it/1Ty4
2020-05-22,Bangla,2019,https://boxd.it/l3Mo
2020-05-24,Yi Yi,2000,https://boxd.it/1vCw
2020-05-29,Inside Llewyn Davis,2013,https://boxd.it/34Ro
2020-05-30,Anatomy of a Murder,1959,https://boxd.it/2baa
2020-06-02,The Bow,2005,https://boxd.it/27Ky
2020-06-02,Inland Empire,2006,https://boxd.it/28d6
2020-06-05,The Passenger,1975,https://boxd.it/1Y8q
2020-06-06,The Other Side of the Wind,2018,https://boxd.it/9w5Y
2020-06-08,The World's End,2013,https://boxd.it/3EiO
2020-06-08,Straight Outta Compton,2015,https://boxd.it/8rMc
2020-06-09,La Dolce Vita,1960,https://boxd.it/2anC
2020-06-10,Cowboy Bebop: The Movie,2001,https://boxd.it/1Uc4
2020-06-11,Minding the Gap,2018,https://boxd.it/hDNu
2020-06-24,Inmate #1: The Rise of Danny Trejo,2019,https://boxd.it/mBGQ
2020-07-01,Nebraska,2013,https://boxd.it/4exq
2020-07-01,First Man,2018,https://boxd.it/cPym
2020-07-01,Stolen Kisses,1968,https://boxd.it/2aL0
2020-07-05,Elephant,2003,https://boxd.it/287i
2020-07-07,Fear and Loathing in Las Vegas,1998,https://boxd.it/27Xs
2020-07-07,Annie Hall,1977,https://boxd.it/29M2
2020-07-07,Sanjuro,1962,https://boxd.it/1TaQ
2020-07-07,Accattone,1961,https://boxd.it/1RSw
2020-07-13,First Cow,2019,https://boxd.it/krga
2020-07-24,Following,1998,https://boxd.it/1Tj4
2020-07-24,Insomnia,2002,https://boxd.it/2aB0
2020-07-27,Sunshine,2007,https://boxd.it/28Xy
2020-07-28,Say Anything...,1989,https://boxd.it/27B2
2020-07-28,Paper Moon,1973,https://boxd.it/1Ud2
2020-08-02,Ivan's Childhood,1962,https://boxd.it/1j6y
2020-08-03,Life of Pi,2012,https://boxd.it/37pC
2020-08-03,Tokyo Story,1953,https://boxd.it/1HuY
2020-08-03,The Umbrellas of Cherbourg,1964,https://boxd.it/22fK
2020-08-03,Taipei Story,1985,https://boxd.it/3BkC
2020-08-03,Eureka,2000,https://boxd.it/16TC
2020-08-03,2046,2004,https://boxd.it/29tu
2020-08-03,Oasis,2002,https://boxd.it/1sO0
2020-08-05,Scarface,1983,https://boxd.it/2b7g
2020-08-07,Dancer in the Dark,2000,https://boxd.it/71E
2020-08-12,The Face of Another,1966,https://boxd.it/1nso
2020-08-13,Munich,2005,https://boxd.it/2a0e
2020-08-18,Sputnik,2020,https://boxd.it/lUya
2020-08-18,Lost Highway,1997,https://boxd.it/29Wc
2020-08-18,The Post,2017,https://boxd.it/fTeG
2020-08-19,Heaven Knows What,2014,https://boxd.it/8P1a
2020-08-22,Buena Vista Social Club,1999,https://boxd.it/1T6E
2020-09-08,Italianamerican,1974,https://boxd.it/3deg
2020-09-09,Timecrimes,2007,https://boxd.it/1OGM
2020-09-09,eXistenZ,1999,https://boxd.it/27Ni
2020-09-09,The Hate U Give,2018,https://boxd.it/gQyg
2020-09-10,Logan Lucky,2017,https://boxd.it/dZrs
2020-09-10,Citizenfour,2014,https://boxd.it/9eSe
2020-09-10,Time Trap,2017,https://boxd.it/ggMw
2020-09-10,Boogie Nights,1997,https://boxd.it/23um
2020-09-12,Tetro,2009,https://boxd.it/1SKy
2020-09-12,One Way or Another,1976,https://boxd.it/Lyo
2020-09-13,The Game,1997,https://boxd.it/26vC
2020-09-14,The Man Who Wasn't There,2001,https://boxd.it/1Vqc
2020-09-18,High Life,2018,https://boxd.it/d6bk
2020-09-23,Alone,2020,https://boxd.it/ir2y
2020-09-24,The Haunting of Hill House,2018,https://boxd.it/kfJ0
2020-09-28,Carol,2015,https://boxd.it/7DPK
2020-09-29,Six Shooter,2004,https://boxd.it/1wlG
2020-10-01,Slow West,2015,https://boxd.it/6CwK
2020-10-01,Green Room,2015,https://boxd.it/a75m
2020-10-01,The Rover,2014,https://boxd.it/4WCY
2020-10-01,Waves,2019,https://boxd.it/jpmy
2020-10-02,Voyage of Time: Life's Journey,2016,https://boxd.it/34Sw
2020-10-09,The Thin Red Line,1998,https://boxd.it/1ZTM
2020-10-11,The Wizard of Oz,1939,https://boxd.it/29Xu
2020-10-11,Basette,2008,https://boxd.it/7D9E
2020-10-11,Tiger Boy,2012,https://boxd.it/7jJM
2020-10-11,Duck Soup,1933,https://boxd.it/25PG
2020-10-12,The Lovers on the Bridge,1991,https://boxd.it/26li
2020-10-12,Mauvais Sang,1986,https://boxd.it/5c6
2020-10-12,L'Avventura,1960,https://boxd.it/23hs
2020-10-12,The Fountain,2006,https://boxd.it/28RU
2020-10-12,Annihilation,2018,https://boxd.it/9yzm
2020-10-12,The Wave,2008,https://boxd.it/20OS
2020-10-13,The Limey,1999,https://boxd.it/1Woc
2020-10-14,The Personal History of David Copperfield,2019,https://boxd.it/iTAS
2020-10-18,The Amazing Spider-Man,2012,https://boxd.it/27PI
2020-10-18,The Amazing Spider-Man 2,2014,https://boxd.it/3utM
2020-10-19,A Dog's Will,2000,https://boxd.it/12u4
2020-10-19,A Brighter Summer Day,1991,https://boxd.it/1Luy
2020-10-19,Silent Light,2007,https://boxd.it/27Ds
2020-10-19,Seven Samurai,1954,https://boxd.it/2axi
2020-10-19,Apocalypse Now,1979,https://boxd.it/6ZS
2020-10-19,Woman in the Dunes,1964,https://boxd.it/1JNS
2020-10-19,Paths of Glory,1957,https://boxd.it/29b6
2020-10-20,Vagabond,1985,https://boxd.it/T0u
2020-10-21,Unsane,2018,https://boxd.it/gKrS
2020-10-23,The Devil All the Time,2020,https://boxd.it/i2tY
2020-10-23,The Hit,1984,https://boxd.it/1EOc
2020-10-23,The Squid and the Whale,2005,https://boxd.it/1VAG
2020-10-24,The Diving Bell and the Butterfly,2007,https://boxd.it/27Di
2020-10-25,Deep Red,1975,https://boxd.it/1E1E
2020-10-27,Two Women,1960,https://boxd.it/1yb4
2020-10-30,Pierrot le Fou,1965,https://boxd.it/26j2
2020-11-02,Naked Lunch,1991,https://boxd.it/26ow
2020-11-03,His House,2020,https://boxd.it/l8Qq
2020-11-03,Happy as Lazzaro,2018,https://boxd.it/hiVs
2020-11-08,Cold War,2018,https://boxd.it/fEoc
2020-11-08,King of the Hill,1993,https://boxd.it/1evo
2020-11-09,Life in a Tin,1967,https://boxd.it/6ICE
2020-11-10,Barry Lyndon,1975,https://boxd.it/25A2
2020-11-10,Tangerines,2013,https://boxd.it/71vM
2020-11-10,Koyaanisqatsi,1982,https://boxd.it/1U9E
2020-11-10,Through a Glass Darkly,1961,https://boxd.it/1TrW
2020-11-10,El Topo,1970,https://boxd.it/1QYS
2020-11-11,Babel,2006,https://boxd.it/292o
2020-11-12,City Lights,1931,https://boxd.it/29ki
2020-11-13,Ulysses' Gaze,1995,https://boxd.it/1ApC
2020-11-16,A Hidden Life,2019,https://boxd.it/eb1Q
2020-11-16,"sex, lies, and videotape",1989,https://boxd.it/28Oc
2020-11-17,World of Tomorrow Episode Two: The Burden of Other People's Thoughts,2017,https://boxd.it/gU8m
2020-11-17,World of Tomorrow Episode Three: The Absent Destinations of David Prime,2020,https://boxd.it/rmsk
2020-11-18,Cops and Robbers,1951,https://boxd.it/QlO
2020-11-18,The Tatami Galaxy,2010,https://boxd.it/oL50
2020-11-18,Late Spring,1949,https://boxd.it/1DkK
2020-11-19,Death of a Cyclist,1955,https://boxd.it/2pjK
2020-11-20,Blazing Saddles,1974,https://boxd.it/1UHQ
2020-11-20,Confessions of a Dangerous Mind,2002,https://boxd.it/23Gi
2020-11-20,Shortbus,2006,https://boxd.it/28So
2020-11-22,The Farewell,2019,https://boxd.it/kIky
2020-11-23,Inherent Vice,2014,https://boxd.it/5hla
2020-11-23,Endless Poetry,2016,https://boxd.it/aANs
2020-11-23,Easy,2017,https://boxd.it/gIZS
2020-11-26,Ran,1985,https://boxd.it/1Tlu
2020-11-26,"Yesterday, Today and Tomorrow",1963,https://boxd.it/VZE
2020-11-27,Full Metal Jacket,1987,https://boxd.it/2a1Q
2020-11-30,Stuart: A Life Backwards,2007,https://boxd.it/EAM
2020-11-30,I'm Not There,2007,https://boxd.it/24Ys
2020-11-30,The Cranes Are Flying,1957,https://boxd.it/169Y
2020-11-30,Rebels of the Neon God,1992,https://boxd.it/mp2
2020-11-30,Stray Dogs,2013,https://boxd.it/6gL4
2020-11-30,Vive L'Amour,1994,https://boxd.it/2wsa
2020-11-30,The Other Side of Hope,2017,https://boxd.it/fcFE
2020-12-02,The Housemaid,1960,https://boxd.it/WJs
2020-12-02,Poetry,2010,https://boxd.it/JAs
2020-12-04,Violent Cop,1989,https://boxd.it/1Rym
2020-12-04,Larry David: Curb Your Enthusiasm,1999,https://boxd.it/7L3a
2020-12-04,Io sì tu no,2017,https://boxd.it/omRy
2020-12-04,Mirror,1975,https://boxd.it/28Q8
2020-12-04,Badlands,1973,https://boxd.it/25Fm
2020-12-06,Laurence Anyways,2012,https://boxd.it/3HQu
2020-12-07,Molecules,2020,https://boxd.it/rgQU
2020-12-07,The Chaser,2008,https://boxd.it/1PgU
2020-12-07,Matador,1986,https://boxd.it/20EI
2020-12-07,Penguin Highway,2018,https://boxd.it/inGu
2020-12-07,Black Bear,2020,https://boxd.it/n8ru
2020-12-07,Take the Money and Run,1969,https://boxd.it/1TJQ
2020-12-13,Arcadia,2017,https://boxd.it/gYFa
2020-12-13,The Dirties,2013,https://boxd.it/4ZGa
2020-12-13,Argo,2012,https://boxd.it/2czU
2020-12-13,Il Mistero di Bellavista,1985,https://boxd.it/lx0
2020-12-14,Voices in the Wind,2020,https://boxd.it/nxZw
2020-12-14,Waking Life,2001,https://boxd.it/1Zdc
2020-12-14,The Revenant,2015,https://boxd.it/8H5e
2020-12-14,Saving Private Ryan,1998,https://boxd.it/29ro
2020-12-14,Unforgiven,1992,https://boxd.it/6Z4
2020-12-14,It's Only the End of the World,2016,https://boxd.it/be0K
2020-12-14,Lucky,2017,https://boxd.it/el3M
2020-12-14,Martyrs,2008,https://boxd.it/1Yqu
2020-12-14,Franz Kafka's a Country Doctor,2007,https://boxd.it/2vWS
2020-12-17,Tokyo Fist,1995,https://boxd.it/Z2m
2020-12-20,S Is for Stanley,2015,https://boxd.it/e09E
2020-12-21,The Monsters,1963,https://boxd.it/Qzm
2020-12-22,The Holy Mountain,1973,https://boxd.it/20mu
2020-12-24,Da 5 Bloods,2020,https://boxd.it/lnXw
2020-12-26,Good Omens,2019,https://boxd.it/jUOI
2020-12-27,Casino Royale,2006,https://boxd.it/1alk
2020-12-28,8½,1963,https://boxd.it/2aqm
2020-12-28,Rashomon,1950,https://boxd.it/2a9K
2020-12-28,Au Hasard Balthazar,1966,https://boxd.it/1E3g
2020-12-28,Being There,1979,https://boxd.it/1WxS
2020-12-28,Three Colours: Blue,1993,https://boxd.it/2b7K
2020-12-28,Kung Fu Hustle,2004,https://boxd.it/1YBi
2020-12-28,Allegro non troppo,1976,https://boxd.it/1Ao0
2020-12-30,The Terrace,1980,https://boxd.it/2FTE
2020-12-31,Tigertail,2020,https://boxd.it/jRik
2020-12-31,I Killed My Mother,2009,https://boxd.it/1ubO
2021-01-01,Shithouse,2020,https://boxd.it/nCFc
2021-01-03,Matthias & Maxime,2019,https://boxd.it/iOQ2
2021-01-03,13 Assassins,2010,https://boxd.it/jqc
2021-01-03,Mr. Long,2017,https://boxd.it/fu8o
2021-01-06,The Call,2020,https://boxd.it/l94W
2021-01-06,Forgotten,2017,https://boxd.it/hAJE
2021-01-07,Repulsion,1965,https://boxd.it/1TKu
2021-01-07,Home Videos,2019,https://boxd.it/menc
2021-01-07,Louis Theroux: Gambling in Las Vegas,2007,https://boxd.it/6hqc
2021-01-07,Shadows,1958,https://boxd.it/1M9c
2021-01-07,Faces,1968,https://boxd.it/29Ia
2021-01-07,The Painter and the Thief,2020,https://boxd.it/ojPk
2021-01-08,Unrelated,2007,https://boxd.it/1mcO
2021-01-12,Trafic,1971,https://boxd.it/1TZu
2021-01-12,The Motorcycle Diaries,2004,https://boxd.it/28nU
2021-01-12,Cabaret,1972,https://boxd.it/1Vpe
2021-01-13,In the Name of the Italian People,1971,https://boxd.it/3hy
2021-01-14,Made in Abyss: Dawn of the Deep Soul,2020,https://boxd.it/l4h2
2021-01-14,8:46,2020,https://boxd.it/qL5e
2021-01-14,Beasts Clawing at Straws,2020,https://boxd.it/kZ9i
2021-01-14,Bacurau,2019,https://boxd.it/fSUG
2021-01-14,Army of Shadows,1969,https://boxd.it/1Mli
2021-01-16,Tyrannosaur,2011,https://boxd.it/2DUA
2021-01-17,Mafioso,1962,https://boxd.it/1d7U
2021-01-17,The Scopone Game,1972,https://boxd.it/pl8
2021-01-19,The Kid,1921,https://boxd.it/1X5U
2021-01-19,The Great Dictator,1940,https://boxd.it/29ic
2021-01-19,Everybody Go Home!,1960,https://boxd.it/HdG
2021-01-23,Down by Law,1986,https://boxd.it/28CA
2021-01-25,Funny Games,2007,https://boxd.it/207a
2021-01-25,Tutti gli uomini del deficiente,1999,https://boxd.it/2w7m
2021-01-27,My Friend Ivan Lapshin,1985,https://boxd.it/2VRE
2021-01-27,The Rules of the Game,1939,https://boxd.it/29Es
2021-01-31,The Return,2003,https://boxd.it/1UpM
2021-02-01,Wildlife,2018,https://boxd.it/eKYe
2021-02-05,The Tale of The Princess Kaguya,2013,https://boxd.it/4JQI
2021-02-08,James Acaster: Repertoire,2018,https://boxd.it/iFXy
2021-02-09,Un Chien Andalou,1929,https://boxd.it/29Y8
2021-02-13,Will Our Heroes Be Able to Find Their Friend Who Has Mysteriously Disappeared in Africa?,1968,https://boxd.it/2cnu
2021-02-19,Creep,2014,https://boxd.it/7l4c
2021-02-22,Filth,2013,https://boxd.it/32NY
2021-02-23,Daft Punk Unchained,2015,https://boxd.it/bCcg
2021-02-24,The Last Samurai,2003,https://boxd.it/29ZA
2021-02-24,Monsieur Lazhar,2011,https://boxd.it/2IVe
2021-02-25,Dreams,1990,https://boxd.it/1ROu
2021-02-25,Tokyo Sonata,2008,https://boxd.it/1ZxQ
2021-02-25,Hunger,2008,https://boxd.it/1Wso
2021-02-28,Damage,1992,https://boxd.it/1URm
2021-02-28,Shin Godzilla,2016,https://boxd.it/a9lm
2021-03-01,Smithereens,1982,https://boxd.it/3hcS
2021-03-01,Outer Space,1999,https://boxd.it/3IOY
2021-03-01,Dream Work,2001,https://boxd.it/4ASA
2021-03-03,The Medium,2021,https://boxd.it/s0oi
2021-03-04,First Reformed,2017,https://boxd.it/go9C
2021-03-04,John Mulaney & The Sack Lunch Bunch,2019,https://boxd.it/o9Fu
2021-03-08,Greenery Will Bloom Again,2014,https://boxd.it/9uoE
2021-03-08,The Marquis of Grillo,1981,https://boxd.it/1h5y
2021-03-09,Scent of a Woman,1992,https://boxd.it/1YAu
2021-03-10,"Rome, Open City",1945,https://boxd.it/2aD6
2021-03-10,Training Day,2001,https://boxd.it/27A4
2021-03-11,Biutiful,2010,https://boxd.it/OiI
2021-03-12,Funeralopolis: A Suburban Portrait,2017,https://boxd.it/jIAa
2021-03-13,Faust,2011,https://boxd.it/2GtM
2021-03-14,Atonement,2007,https://boxd.it/24ui
2021-03-16,The Big Heat,1953,https://boxd.it/1NNM
2021-03-17,Victoria,2015,https://boxd.it/amSe
2021-03-18,Small Axe,2020,https://boxd.it/rVjM
2021-03-18,High Score,2020,https://boxd.it/rzBY
2021-03-22,How We Got the Italian Movie Business Into Trouble: The True Story of Franco and Ciccio,2004,https://boxd.it/h2C
2021-03-23,Galaxy Quest,1999,https://boxd.it/29gq
2021-03-23,Toto Who Lived Twice,1998,https://boxd.it/edM
2021-03-23,The Return of Cagliostro,2003,https://boxd.it/2GyM
2021-03-24,Shoeshine,1946,https://boxd.it/UoM
2021-03-24,Phantom of the Paradise,1974,https://boxd.it/1s34
2021-03-24,Naples in Veils,2017,https://boxd.it/htFK
2021-03-25,Face/Off,1997,https://boxd.it/29I0
2021-03-25,Hard Boiled,1992,https://boxd.it/1T6a
2021-03-25,Property Is No Longer a Theft,1973,https://boxd.it/4edg
2021-03-26,Better Days,2019,https://boxd.it/l9Ke
2021-03-31,Beginning,2020,https://boxd.it/qEyS
2021-04-01,Serial Experiments Lain,1998,https://boxd.it/hYQE
2021-04-04,Irreversible,2002,https://boxd.it/29as
2021-04-09,Where Are You Going on Holiday?,1978,https://boxd.it/gDs
2021-04-09,"Ugly, Dirty and Bad",1976,https://boxd.it/1F8Q
2021-04-10,We Are Who We Are,2020,https://boxd.it/n6GW
2021-04-11,Thirst,2009,https://boxd.it/1Aqq
2021-04-13,Did You Wonder Who Fired the Gun?,2017,https://boxd.it/fQA0
2021-04-13,"4 Months, 3 Weeks and 2 Days",2007,https://boxd.it/27DW
2021-04-13,My Friends Act II,1982,https://boxd.it/1ycc
2021-04-13,The Organizer,1963,https://boxd.it/Cas
2021-04-17,Chappie,2015,https://boxd.it/5Y3e
2021-04-20,Zatoichi,2003,https://boxd.it/2aMs
2021-04-21,Fitzcarraldo,1982,https://boxd.it/1YV8
2021-04-23,Monos,2019,https://boxd.it/eJGe
2021-04-23,Love in the Afternoon,1972,https://boxd.it/1Svo
2021-04-26,The Traitor,2019,https://boxd.it/l8d4
2021-04-26,Opera,2020,https://boxd.it/saK4
2021-04-26,The Aviator,2004,https://boxd.it/26BU
2021-04-29,Funeral Parade of Roses,1969,https://boxd.it/28Cg
2021-04-29,Sorry We Missed You,2019,https://boxd.it/iXBg
2021-04-30,Manhunter,1986,https://boxd.it/1TOw
2021-05-01,Blood Simple,1984,https://boxd.it/1U16
2021-05-03,Kicking and Screaming,1995,https://boxd.it/1pHK
2021-05-03,Microbe and Gasoline,2015,https://boxd.it/bdhU
2021-05-04,The Disciple,2020,https://boxd.it/riwi
2021-05-05,An Average Little Man,1977,https://boxd.it/tZm
2021-05-07,Seeking a Friend for the End of the World,2012,https://boxd.it/376g
2021-05-07,These Final Hours,2013,https://boxd.it/60vE
2021-05-07,The Double Life of Véronique,1991,https://boxd.it/28va
2021-05-07,Pyaasa,1957,https://boxd.it/10iq
2021-05-07,Happy Together,1997,https://boxd.it/1Ha0
2021-05-08,Slacker,1990,https://boxd.it/1OUu
2021-05-12,Next Floor,2008,https://boxd.it/3psY
2021-05-13,5 Broken Cameras,2011,https://boxd.it/2XF6
2021-05-13,The Wind Will Carry Us,1999,https://boxd.it/Uwc
2021-05-17,Awakenings,1990,https://boxd.it/1USu
2021-05-19,Escape from Alcatraz,1979,https://boxd.it/1Vwk
2021-05-20,The Banishment,2007,https://boxd.it/1wk4
2021-05-26,The Party,2017,https://boxd.it/eEVS
2021-05-30,Mirage,2018,https://boxd.it/jeOm
2021-05-30,Cruella,2021,https://boxd.it/bbKg
2021-05-30,Angel's Egg,1985,https://boxd.it/1LeA
2021-05-31,An Elephant Sitting Still,2018,https://boxd.it/i1EQ
2021-06-07,Dekalog,1989,https://boxd.it/bv4u
2021-06-10,The King of Staten Island,2020,https://boxd.it/litG
2021-06-11,The Invisible Guest,2016,https://boxd.it/euce
2021-06-12,I Wanna Hold Your Hand,1978,https://boxd.it/rN4
2021-06-14,"You, the Living",2007,https://boxd.it/22xO
2021-06-15,About Endlessness,2019,https://boxd.it/bHua
2021-06-16,Run,2020,https://boxd.it/jVM4
2021-06-21,Sorcerer,1977,https://boxd.it/14J6
2021-06-22,Kung Pow: Enter the Fist,2002,https://boxd.it/1SQm
2021-06-23,A Bronx Tale,1993,https://boxd.it/28uQ
2021-06-23,Land of the Sons,2021,https://boxd.it/oyOw
2021-06-24,"The Good, the Bad, the Weird",2008,https://boxd.it/1MSG
2021-06-28,Uncle Yanco,1967,https://boxd.it/8sV0
2021-07-02,The Weeping Meadow,2004,https://boxd.it/177k
2021-07-10,Perfect Sense,2011,https://boxd.it/A3O
2021-07-12,The Birdcage,1996,https://boxd.it/1UTi
2021-07-13,For Lucio,2021,https://boxd.it/sn4q
2021-07-14,New World,2013,https://boxd.it/588Q
2021-07-14,Vanilla Sky,2001,https://boxd.it/27TK
2021-07-14,Up in the Air,2009,https://boxd.it/1zPY
2021-07-16,The Others,2001,https://boxd.it/27Po
2021-07-19,Fort Apache Napoli,2009,https://boxd.it/CnG
2021-07-20,La cambiale,1959,https://boxd.it/2DG4
2021-07-20,The Voyage of Captain Fracassa,1990,https://boxd.it/9NA
2021-07-21,Basic Instinct,1992,https://boxd.it/2asM
2021-07-28,The Green Knight,2021,https://boxd.it/kuy2
2021-07-29,The Weight of Gold,2020,https://boxd.it/r94Y
2021-07-30,Napoleon Dynamite,2004,https://boxd.it/20wu
2021-07-30,Eric Andre: Legalize Everything,2020,https://boxd.it/qj7c
2021-07-30,Feels Good Man,2020,https://boxd.it/oigS
2021-07-30,Midori,1992,https://boxd.it/2jvq
2021-07-30,Alice,1988,https://boxd.it/1G3C
2021-07-30,Tetsuo: The Iron Man,1989,https://boxd.it/ZoM
2021-07-30,Vanishing Point,1971,https://boxd.it/1SH0
2021-07-30,Crumb,1994,https://boxd.it/1tDi
2021-07-30,What Time Is It There?,2001,https://boxd.it/1ybe
2021-07-30,The Hole,1998,https://boxd.it/LDo
2021-07-30,Duck Amuck,1953,https://boxd.it/x66
2021-07-30,"What's Opera, Doc?",1957,https://boxd.it/x4Y
2021-07-31,Revolutionary Road,2008,https://boxd.it/24Le
2021-07-31,The Help,2011,https://boxd.it/EDm
2021-07-31,Bekas,2012,https://boxd.it/6Ejo
2021-07-31,I Wish,2011,https://boxd.it/2L3k
2021-07-31,Empire of the Sun,1987,https://boxd.it/1X4i
2021-07-31,Kaaka Muttai,2014,https://boxd.it/7Ryy
2021-07-31,Ode to My Father,2014,https://boxd.it/a4Bu
2021-07-31,Capernaum,2018,https://boxd.it/iM3s
2021-07-31,Traffic,2000,https://boxd.it/27Ue
2021-08-01,The Silence of the Lambs,1991,https://boxd.it/2aHW
2021-08-04,Wendy and Lucy,2008,https://boxd.it/1Zx2
2021-08-08,The Match Factory Girl,1990,https://boxd.it/20Je
2021-08-08,I Hired a Contract Killer,1990,https://boxd.it/20J4
2021-08-09,"Weekend, Italian Style",1965,https://boxd.it/5Wp8
2021-08-11,Shazam!,2019,https://boxd.it/8WBu
2021-08-15,Kind Hearts and Coronets,1949,https://boxd.it/1SPe
2021-08-15,The Fall,2019,https://boxd.it/nRTy
2021-08-16,Batman Ninja,2018,https://boxd.it/hwle
2021-08-16,Batman vs Teenage Mutant Ninja Turtles,2019,https://boxd.it/loT6
2021-08-16,Pad Man,2018,https://boxd.it/fX5e
2021-08-16,Lords of Dogtown,2005,https://boxd.it/1XOg
2021-08-16,Monty Python and the Holy Grail,1975,https://boxd.it/29GI
2021-08-20,Notting Hill,1999,https://boxd.it/2aeK
2021-08-20,Romanzo Criminale,2005,https://boxd.it/1Oee
2021-08-21,I Am Not Alone,2019,https://boxd.it/n0Ck
2021-08-22,All About My Mother,1999,https://boxd.it/2b9c
2021-08-22,Dead Pigs,2018,https://boxd.it/hHEQ
2021-08-23,Miso Hungry,2015,https://boxd.it/e8N8
2021-08-24,Three Crowns of the Sailor,1983,https://boxd.it/1hQ
2021-08-25,Leopardi,2014,https://boxd.it/8LIY
2021-08-25,America Latina,2021,https://boxd.it/uovQ
2021-08-25,Mona Lisa and the Blood Moon,2021,https://boxd.it/iXY0
2021-08-25,Killers of the Flower Moon,2023,https://boxd.it/gHp0
2021-08-26,What's Eating Gilbert Grape,1993,https://boxd.it/28xg
2021-08-26,In the Name of the Father,1993,https://boxd.it/20I6
2021-08-27,The King of Laughter,2021,https://boxd.it/oTtO
2021-08-27,Valerie and Her Week of Wonders,1970,https://boxd.it/NsC
2021-08-27,Loves of a Blonde,1965,https://boxd.it/13NG
2021-08-27,"Birds, Orphans and Fools",1969,https://boxd.it/JBU
2021-08-27,The Prime of Life,1967,https://boxd.it/P7G
2021-08-27,The Cry,1964,https://boxd.it/3Q9O
2021-08-27,Wild Flowers,2000,https://boxd.it/OjG
2021-08-27,Tokyo!,2008,https://boxd.it/1ZxG
2021-08-30,"The Good, the Bad and the Ugly",1966,https://boxd.it/2ape
2021-08-30,Once Upon a Time in the West,1968,https://boxd.it/2az4
2021-08-30,Once Upon a Time in America,1984,https://boxd.it/2aCs
2021-08-30,For a Few Dollars More,1965,https://boxd.it/29eu
2021-08-30,Panic Room,2002,https://boxd.it/2490
2021-08-31,In the Realm of the Senses,1976,https://boxd.it/22qS
2021-08-31,The Man Who Sleeps,1974,https://boxd.it/3xwE
2021-08-31,Body Double,1984,https://boxd.it/1TGW
2021-08-31,"Goodbye, Dragon Inn",2003,https://boxd.it/oFG
2021-08-31,Nights of Cabiria,1957,https://boxd.it/1F7e
2021-08-31,La Strada,1954,https://boxd.it/2asi
2021-08-31,Candyman,2021,https://boxd.it/kHFg
2021-09-01,Shang-Chi and the Legend of the Ten Rings,2021,https://boxd.it/kLDI
2021-09-04,Mondocane,2021,https://boxd.it/rWuG
2021-09-04,Hungry Hearts,2014,https://boxd.it/8LI0
2021-09-05,Cape Fear,1991,https://boxd.it/28vu
2021-09-06,The Commuter,2018,https://boxd.it/dZ36
2021-09-06,Two Lovers,2008,https://boxd.it/1Ws4
2021-09-09,Café Express,1980,https://boxd.it/3Cwu
2021-09-09,The Village,2004,https://boxd.it/21iS
2021-09-09,...And Suddenly It's Murder!,1960,https://boxd.it/4VF8
2021-09-09,The Matrix Resurrections,2021,https://boxd.it/n87k
2021-09-09,The French Dispatch,2021,https://boxd.it/jLP8
2021-09-10,Sideways,2004,https://boxd.it/1Y5c
2021-09-10,Everything Will Be OK,2006,https://boxd.it/1h0y
2021-09-10,The Thirteenth Floor,1999,https://boxd.it/294Y
2021-09-10,Stay,2005,https://boxd.it/20BE
2021-09-10,Breathless,1960,https://boxd.it/2aIK
2021-09-10,I Stand Alone,1998,https://boxd.it/28Au
2021-09-11,The Artist,2011,https://boxd.it/2AwK
2021-09-11,The Book of Life,2014,https://boxd.it/6JKY
2021-09-11,Vortex,2021,https://boxd.it/uoni
2021-09-11,Mary and Max,2009,https://boxd.it/1y2m
2021-09-11,The Pinchcliffe Grand Prix,1975,https://boxd.it/hJe6
2021-09-11,Dou kyu sei – Classmates,2016,https://boxd.it/cW8g
2021-09-11,Nausicaä of the Valley of the Wind,1984,https://boxd.it/2bc6
2021-09-11,The Breadwinner,2017,https://boxd.it/frLs
2021-09-12,Happening,2021,https://boxd.it/tRts
2021-09-13,The Lure,2015,https://boxd.it/d3mE
2021-09-17,"Aguirre, the Wrath of God",1972,https://boxd.it/27Fe
2021-09-17,The Ballad of Narayama,1958,https://boxd.it/3SPW
2021-09-17,A City of Sadness,1989,https://boxd.it/EIm
2021-09-17,Fanny and Alexander,1982,https://boxd.it/22go
2021-09-17,Deliverance,1972,https://boxd.it/1VGk
2021-09-17,The Great Escape,1963,https://boxd.it/22kA
2021-09-17,Rushmore,1998,https://boxd.it/1TAO
2021-09-19,mid90s,2018,https://boxd.it/fxIa
2021-09-20,The Little Drummer Girl,2018,https://boxd.it/kkCS
2021-09-22,Cleaners,2019,https://boxd.it/n6HU
2021-09-23,Stranger Than Paradise,1984,https://boxd.it/2ajU
2021-09-23,Our Father,2020,https://boxd.it/oW14
2021-09-25,Midnight Mass,2021,https://boxd.it/wvVA
2021-09-25,I'm Your Man,2021,https://boxd.it/tWcG
2021-09-25,Silenced,2011,https://boxd.it/2QGG
2021-09-25,"Hail, Caesar!",2016,https://boxd.it/881G
2021-09-28,I Love You Phillip Morris,2009,https://boxd.it/1ZvK
2021-09-30,Demon Slayer -Kimetsu no Yaiba- The Movie: Mugen Train,2020,https://boxd.it/nyLU
2021-10-03,As the Gods Will,2014,https://boxd.it/76T0
2021-10-03,Audition,1999,https://boxd.it/1UHm
2021-10-03,The Texas Chain Saw Massacre,1974,https://boxd.it/1lcS
2021-10-10,The New World,2005,https://boxd.it/1TVW
2021-10-12,The Blind Man Who Did Not Want to See Titanic,2021,https://boxd.it/qQW8
2021-10-13,The 10th Victim,1965,https://boxd.it/38w
2021-10-15,Blue Valentine,2010,https://boxd.it/MxG
2021-10-16,Welcome Venice,2021,https://boxd.it/wkX6
2021-10-17,The Seduction of Mimi,1972,https://boxd.it/pOu
2021-10-18,The Double,2013,https://boxd.it/4DLW
2021-10-19,The Best of Youth,2003,https://boxd.it/1Tje
2021-10-21,The Gift,2015,https://boxd.it/aJMy
2021-10-21,The Bridges of Madison County,1995,https://boxd.it/29Os
2021-10-21,Letters from Iwo Jima,2006,https://boxd.it/290C
2021-10-21,Willow,1988,https://boxd.it/29t0
2021-10-22,The Inner Cage,2021,https://boxd.it/sRXq
2021-10-24,Kodachrome,2017,https://boxd.it/ePjK
2021-10-25,Bergman Island,2021,https://boxd.it/h86E
2021-10-25,"As I Was Moving Ahead, Occasionally I Saw Brief Glimpses of Beauty",2000,https://boxd.it/4gcu
2021-10-25,Reminiscences of a Journey to Lithuania,1972,https://boxd.it/4I1Y
2021-10-26,An American in Rome,1954,https://boxd.it/UQG
2021-10-28,Hello World,2019,https://boxd.it/mjLI
2021-10-28,The Dawn Wall,2017,https://boxd.it/hCP0
2021-10-29,Greener Grass,2019,https://boxd.it/jYoY
2021-10-30,August Rush,2007,https://boxd.it/23kQ
2021-10-30,Halloween,1978,https://boxd.it/2wRu
2021-10-31,A Girl Walks Home Alone at Night,2014,https://boxd.it/7nZE
2021-10-31,Days,2020,https://boxd.it/oEE8
2021-11-02,One Flew Over the Cuckoo's Nest,1975,https://boxd.it/2aeA
2021-11-03,Yaya & Lennie - The Walking Liberty,2021,https://boxd.it/nCi8
2021-11-04,Brancaleone at the Crusades,1970,https://boxd.it/Gl0
2021-11-04,Red Desert,1964,https://boxd.it/1ttW
2021-11-05,Knight of Cups,2015,https://boxd.it/34Qq
2021-11-08,My Rainy Days,2009,https://boxd.it/TYE
2021-11-11,North by Northwest,1959,https://boxd.it/2aRM
2021-11-14,Loro,2018,https://boxd.it/jKqw
2021-11-15,Picnic,1996,https://boxd.it/10HU
2021-11-19,Death Becomes Her,1992,https://boxd.it/1YQi
2021-11-19,Cast Away,2000,https://boxd.it/20i8
2021-11-21,The Color of Money,1986,https://boxd.it/1SSM
2021-11-21,Wheel of Fortune and Fantasy,2021,https://boxd.it/tWcm
2021-11-23,Bāhubali: The Beginning,2015,https://boxd.it/7y2y
2021-11-25,Once,2007,https://boxd.it/22GG
2021-11-26,Thelma,2017,https://boxd.it/e7Ce
2021-11-30,Youth,2015,https://boxd.it/9Y7S
2021-11-30,Hotel Rwanda,2004,https://boxd.it/2aSA
2021-12-01,Vito and the Others,1991,https://boxd.it/dbT2
2021-12-07,Never Let Me Go,2010,https://boxd.it/Xw0
2021-12-09,All the President's Men,1976,https://boxd.it/29lU
2021-12-10,Il Buco,2021,https://boxd.it/ozry
2021-12-10,Year of the Dragon,1985,https://boxd.it/1UQy
2021-12-10,Bad Luck Banging or Loony Porn,2021,https://boxd.it/tJOM
2021-12-10,Vincenzo,2021,https://boxd.it/v6gA
2021-12-13,"Quo Vadis, Aida?",2020,https://boxd.it/riws
2021-12-14,Kids,1995,https://boxd.it/1YUY
2021-12-14,The Basilisks,1963,https://boxd.it/6N4i
2021-12-14,50 First Dates,2004,https://boxd.it/285c
2021-12-15,One Man Up,2001,https://boxd.it/wsK
2021-12-15,O Night Divine,2021,https://boxd.it/yuWc
2021-12-17,Buffalo '66,1998,https://boxd.it/1YC6
2021-12-19,Azor,2021,https://boxd.it/oxPI
2021-12-20,Barefoot in the Park,1967,https://boxd.it/1HVg
2021-12-20,Ron's Gone Wrong,2021,https://boxd.it/hlj2
2021-12-21,A Separation,2011,https://boxd.it/gvo
2021-12-21,Only Yesterday,1991,https://boxd.it/1MR4
2021-12-21,Pom Poko,1994,https://boxd.it/1Mvi
2021-12-21,Happy Old Year,2019,https://boxd.it/nglu
2021-12-21,A Sun,2019,https://boxd.it/n3uo
2021-12-22,Young Frankenstein,1974,https://boxd.it/25To
2021-12-22,Short Term 12,2013,https://boxd.it/5f6s
2021-12-23,The Conformist,1970,https://boxd.it/20cE
2021-12-23,Joyeux Noel,2005,https://boxd.it/1TiU
2021-12-24,The Tale of King Crab,2021,https://boxd.it/vqry
2021-12-26,Ennio,2021,https://boxd.it/dRZc
2021-12-26,Malena,2000,https://boxd.it/1Vc0
2021-12-26,A Pure Formality,1994,https://boxd.it/1Fs2
2021-12-27,A Hero,2021,https://boxd.it/p2zw
2021-12-27,Stealing Beauty,1996,https://boxd.it/1NRu
2021-12-27,An Autumn Afternoon,1962,https://boxd.it/CUU
2021-12-28,Big Little Lies,2017,https://boxd.it/fYde
2021-12-29,The Apartment,1960,https://boxd.it/2aGE
2021-12-30,Hard Eight,1996,https://boxd.it/20DU
2022-01-03,We Want the Colonels,1973,https://boxd.it/EUi
2022-01-04,Padre Padrone,1977,https://boxd.it/XqG
2022-01-05,The Reader,2008,https://boxd.it/20Dq
2022-01-05,The Straight Story,1999,https://boxd.it/2ass
2022-01-05,Venus in Fur,2013,https://boxd.it/5WhS
2022-01-07,Aziz Ansari: Right Now,2019,https://boxd.it/mHgu
2022-01-07,The Cameraman,1928,https://boxd.it/1jag
2022-01-09,After the Wedding,2006,https://boxd.it/25eg
2022-01-09,Beautiful Boy,2018,https://boxd.it/g76Q
2022-01-10,Far from the Tree,2021,https://boxd.it/vmgc
2022-01-11,Minamata,2020,https://boxd.it/kvrm
2022-01-13,Save Ralph,2021,https://boxd.it/ux2o
2022-01-13,Us Again,2021,https://boxd.it/thCe
2022-01-13,Louise,2021,https://boxd.it/xYwc
2022-01-13,Move to Heaven,2021,https://boxd.it/viLU
2022-01-13,Belle,2021,https://boxd.it/tbEe
2022-01-15,PVT Chat,2020,https://boxd.it/oXaw
2022-01-15,Mid-August Lunch,2008,https://boxd.it/1Ily
2022-01-16,Marx Can Wait,2021,https://boxd.it/teVs
2022-01-17,The House,2022,https://boxd.it/yVza
2022-01-18,Dave Made a Maze,2017,https://boxd.it/fof4
2022-01-20,Futura,2021,https://boxd.it/vqks
2022-01-21,Kaiba,2008,https://boxd.it/qIGc
2022-01-21,Kids Return,1996,https://boxd.it/1sfY
2022-01-25,La Maison en Petits Cubes,2008,https://boxd.it/1D06
2022-01-25,Samurai Champloo,2004,https://boxd.it/o8go
2022-01-26,Paddington,2014,https://boxd.it/3RKw
2022-01-26,Aziz Ansari: Nightclub Comedian,2022,https://boxd.it/yTMm
2022-01-26,Honey Boy,2019,https://boxd.it/ixvm
2022-01-26,Hell or High Water,2016,https://boxd.it/bfGM
2022-01-27,The Idiots,1998,https://boxd.it/2amu
2022-01-29,Blow Out,1981,https://boxd.it/1TlE
2022-01-29,About Elly,2009,https://boxd.it/18Ry
2022-01-29,Cape Fear,1962,https://boxd.it/1U4a
2022-01-29,The Rainmaker,1997,https://boxd.it/1SD8
2022-01-29,Scenes from the Suburbs,2011,https://boxd.it/2xJw
2022-01-29,Beastie Boys Story,2020,https://boxd.it/oIW6
2022-01-29,Saving Mr. Banks,2013,https://boxd.it/4vIq
2022-01-29,Le Samouraï,1967,https://boxd.it/22ZI
2022-01-31,The Fighter,2010,https://boxd.it/PP4
2022-01-31,Welcome to the N-H-K,2006,https://boxd.it/py6G
2022-01-31,After Yang,2021,https://boxd.it/lx5a
2022-02-01,Waltz with Bashir,2008,https://boxd.it/1ZFA
2022-02-03,Heart of Glass,1976,https://boxd.it/1rWi
2022-02-04,Blow,2001,https://boxd.it/24Mm
2022-02-05,Swept Away,1974,https://boxd.it/17cY
2022-02-06,"The Gangster, the Cop, the Devil",2019,https://boxd.it/lnuk
2022-02-09,Song'e Napule,2013,https://boxd.it/6XUo
2022-02-10,A Town Called Panic,2009,https://boxd.it/11ki
2022-02-12,Jackass Forever,2022,https://boxd.it/opUg
2022-02-14,Ex Drummer,2007,https://boxd.it/1OUO
2022-02-15,God's Own Country,2017,https://boxd.it/faZM
2022-02-18,Please Hold,2020,https://boxd.it/rPGU
2022-02-19,Rejected,2000,https://boxd.it/1gZU
2022-02-26,The American Friend,1977,https://boxd.it/1UkC
2022-02-26,Four Lions,2010,https://boxd.it/18do
2022-02-26,Mogul Mowgli,2020,https://boxd.it/oMpq
2022-02-27,Dogs Don't Wear Pants,2019,https://boxd.it/j42i
2022-02-27,Straw Dogs,1971,https://boxd.it/2982
2022-02-28,Summer Wars,2009,https://boxd.it/1oDC
2022-03-01,Petite Maman,2021,https://boxd.it/s6je
2022-03-03,The Batman,2022,https://boxd.it/eDGs
2022-03-05,A Difficult Life,1961,https://boxd.it/pkO
2022-03-07,Jealousy,2013,https://boxd.it/6rpe
2022-03-08,The Stanford Prison Experiment,2015,https://boxd.it/9QQK
2022-03-08,This Is Us,2017,https://boxd.it/gpKa
2022-03-09,Grizzly Man,2005,https://boxd.it/2ag2
2022-03-10,Nirvana,1997,https://boxd.it/1ZSu
2022-03-14,The Way Way Back,2013,https://boxd.it/4Gwq
2022-03-14,Letter from the Mountain,2002,https://boxd.it/4wvi
2022-03-14,Still Alive: A Film About Krzysztof Kieslowski,2005,https://boxd.it/dpOg
2022-03-15,The Divide,2021,https://boxd.it/sJxa
2022-03-19,Bamboozled,2000,https://boxd.it/1xfa
2022-03-20,Roman Holiday,1953,https://boxd.it/29zW
2022-03-20,...And Justice for All,1979,https://boxd.it/1IFI
2022-03-21,Identity,2003,https://boxd.it/26e2
2022-03-23,Secret Sunshine,2007,https://boxd.it/27CY
2022-03-25,His Girl Friday,1940,https://boxd.it/25M8
2022-03-25,Only Angels Have Wings,1939,https://boxd.it/Ttw
2022-03-25,The Big Sleep,1946,https://boxd.it/29iQ
2022-03-25,All About Eve,1950,https://boxd.it/29LI
2022-03-25,The Wages of Fear,1953,https://boxd.it/2aSK
2022-03-27,In Fabric,2018,https://boxd.it/h2sY
2022-03-27,Louder Than Bombs,2015,https://boxd.it/4WEK
2022-03-27,Mean Girls,2004,https://boxd.it/1VNg
2022-03-28,Dry,2022,https://boxd.it/u1Ae
2022-03-30,Calls,2021,https://boxd.it/ve22
2022-03-30,Alien,1979,https://boxd.it/2awY
2022-04-03,Fortuna,2020,https://boxd.it/srYW
2022-04-03,Open Your Eyes,1997,https://boxd.it/27TU
2022-04-04,Nine Days,2020,https://boxd.it/mqL6
2022-04-08,Great Freedom,2021,https://boxd.it/vwpe
2022-04-10,Il ragazzo di campagna,1984,https://boxd.it/16lq
2022-04-10,All These Sleepless Nights,2016,https://boxd.it/d55U
2022-04-10,Westworld,1973,https://boxd.it/26RS
2022-04-11,The Dog of Flanders,1997,https://boxd.it/HVe
2022-04-13,Official Competition,2021,https://boxd.it/oUKm
2022-04-13,Doctor Strange in the Multiverse of Madness,2022,https://boxd.it/gaTc
2022-04-18,Beach House,1977,https://boxd.it/pfa
2022-04-19,Phone Booth,2002,https://boxd.it/285G
2022-04-20,Angst,1983,https://boxd.it/1G46
2022-04-22,Mary Forever,1989,https://boxd.it/Z14
2022-04-27,Anomalisa,2015,https://boxd.it/97TE
2022-04-27,Don't Worry Darling,2022,https://boxd.it/mViu
2022-04-29,The Wishing Tree,1976,https://boxd.it/4KkI
2022-04-29,The Look of Silence,2014,https://boxd.it/8006
2022-04-29,"Like Father, Like Son",2013,https://boxd.it/5rQs
2022-05-02,Milk,2008,https://boxd.it/1WZC
2022-05-10,Le cose belle,2013,https://boxd.it/8vO2
2022-05-13,Blue Is the Warmest Color,2013,https://boxd.it/4O40
2022-05-18,Widows,2018,https://boxd.it/e6gc
2022-05-21,The Jokes,2004,https://boxd.it/cNe
2022-05-24,The Cremator,1969,https://boxd.it/1H8y
2022-05-26,Rino Gaetano - Ma il cielo è sempre più blu,2021,https://boxd.it/75HW
2022-05-26,Pasolini,2014,https://boxd.it/8LIk
2022-06-02,Chess Fever,1925,https://boxd.it/AiY
2022-06-08,Transit,2018,https://boxd.it/gUK6
2022-07-03,The Beach,2000,https://boxd.it/27T6
2022-07-06,Flowers of Evil,2013,https://boxd.it/q0mW
2022-07-25,The Sea Beast,2022,https://boxd.it/kv3a
2022-07-27,The Big Sick,2017,https://boxd.it/eHvy
2022-07-30,Pi,1998,https://boxd.it/2ajq
2022-07-31,Platoon,1986,https://boxd.it/29BS
2022-07-31,One Lives By Love,1984,https://boxd.it/7Dbg
2022-08-10,Color Out of Space,2019,https://boxd.it/k1HY
2022-08-23,Night on the Galactic Railroad,1985,https://boxd.it/1800
2022-09-03,Little Fish,2020,https://boxd.it/lAFK
2022-09-07,The Stolen Children,1992,https://boxd.it/K30
2022-09-07,Reign Over Me,2007,https://boxd.it/26SQ
2022-09-15,Four Rooms,1995,https://boxd.it/73g
2022-09-18,Popstar: Never Stop Never Stopping,2016,https://boxd.it/blDa
2022-09-18,Scandal in Sorrento,1955,https://boxd.it/ptw
2022-09-18,Changeling,2008,https://boxd.it/25aS
2022-09-22,Cocaine Bear,2023,https://boxd.it/ugw2
2022-09-26,Honey,2013,https://boxd.it/5FjC
2022-09-26,The Dog Snatch,2019,https://boxd.it/mFhK
2022-09-27,Man with a Movie Camera,1929,https://boxd.it/1u7s
2022-10-03,The Man Without Gravity,2019,https://boxd.it/nClc
2022-10-05,Nick Kroll: Little Big Boy,2022,https://boxd.it/Cq1O
2022-10-09,Angel-A,2005,https://boxd.it/1UjO
2022-10-11,The Redeem Team,2022,https://boxd.it/Cvz2
2022-10-13,The Family Friend,2006,https://boxd.it/wsg
2022-10-16,Werewolf by Night,2022,https://boxd.it/xMrO
2022-10-21,The Fabelmans,2022,https://boxd.it/ugoM
2022-10-22,Saint Laurent,2014,https://boxd.it/6zHA
2022-10-25,Antiporno,2016,https://boxd.it/eDjy
2022-11-02,All Quiet on the Western Front,2022,https://boxd.it/H08
2022-11-03,Outrage,2010,https://boxd.it/PUo
2022-11-04,Wendell & Wild,2022,https://boxd.it/iwtu
2022-11-06,Little Women,2019,https://boxd.it/aSVk
2022-11-06,A Cure for Wellness,2016,https://boxd.it/bkQW
2022-11-06,Clue,1985,https://boxd.it/1MDQ
2022-11-07,The Cyclist,1989,https://boxd.it/SS6
2022-11-08,The Deer Hunter,1978,https://boxd.it/1T6O
2022-11-08,Bread and Tulips,2000,https://boxd.it/2a96
2022-11-11,Weird: The Al Yankovic Story,2022,https://boxd.it/yYZA
2022-11-11,Stranger Than Fiction,2006,https://boxd.it/28Za
2022-11-11,Breaking Away,1979,https://boxd.it/1DMO
2022-11-13,Force Majeure,2014,https://boxd.it/7UcA
2022-11-20,My Own Private Idaho,1991,https://boxd.it/2ak4
2022-11-27,Birdboy: The Forgotten Children,2015,https://boxd.it/cj8w
2022-11-27,Metropolis,2001,https://boxd.it/1YfQ
2022-11-27,The Red Turtle,2016,https://boxd.it/bdkE
2022-12-04,Ashes and Diamonds,1958,https://boxd.it/23q0
2022-12-04,Diary of a Country Priest,1951,https://boxd.it/UDC
2022-12-04,The Leopard,1963,https://boxd.it/296K
2022-12-04,Ordet,1955,https://boxd.it/Jiy
2022-12-04,Paisan,1946,https://boxd.it/20ay
2022-12-04,The Red Shoes,1948,https://boxd.it/1EXI
2022-12-04,The River,1951,https://boxd.it/Q3K
2022-12-04,Salvatore Giuliano,1962,https://boxd.it/1rBk
2022-12-04,The Searchers,1956,https://boxd.it/25HC
2022-12-04,Ugetsu,1953,https://boxd.it/1NyM
2022-12-07,Love and Anarchy,1973,https://boxd.it/3TC
2022-12-14,Street of Crocodiles,1986,https://boxd.it/ifW
2022-12-16,Gummo,1997,https://boxd.it/1H0Y
2022-12-16,Mario's War,2005,https://boxd.it/1y9C
2022-12-16,Sleepers,1996,https://boxd.it/29xw
2022-12-16,Hope,2013,https://boxd.it/7x5Q
2022-12-16,Reprise,2006,https://boxd.it/1Sji
2022-12-18,Magnetic Rose,1995,https://boxd.it/DEsQ
2022-12-20,The Tatami Time Machine Blues,2022,https://boxd.it/FZZ6
2022-12-20,Sonny Boy,2021,https://boxd.it/vYTQ
2022-12-23,Tale of Tales,2015,https://boxd.it/a89u
2022-12-24,The Happiness of the Katakuris,2001,https://boxd.it/1KDY
2022-12-30,A Snake of June,2002,https://boxd.it/1fuQ
2022-12-31,Freaks,1932,https://boxd.it/2b3o
2023-01-05,Sweet Bean,2015,https://boxd.it/alaK
2023-01-05,Lone Wolf and Cub: Sword of Vengeance,1972,https://boxd.it/Zia
2023-01-06,This Place Rules,2022,https://boxd.it/CJGm
2023-01-06,Kadaisi Vivasayi,2021,https://boxd.it/mGrm
2023-01-06,Mars One,2022,https://boxd.it/yoPa
2023-01-07,Alex the Ram,2000,https://boxd.it/172
2023-01-08,Secretary,2002,https://boxd.it/1URc
2023-01-08,10 Cloverfield Lane,2016,https://boxd.it/aZiu
2023-01-10,One Cut of the Dead,2017,https://boxd.it/iAFu
2023-01-10,Anatar,2023,https://boxd.it/DOzW
2023-01-12,Moneyball,2011,https://boxd.it/glS
2023-01-12,Peeping Tom,1960,https://boxd.it/1Utk
2023-01-15,Copenhagen Cowboy,2022,https://boxd.it/DBxo
2023-01-16,Minority Report,2002,https://boxd.it/2aWi
2023-01-16,A.I. Artificial Intelligence,2001,https://boxd.it/29Ve
2023-01-18,One Fine Morning,2022,https://boxd.it/s4Ta
2023-01-19,Sole,2019,https://boxd.it/lqQI
2023-01-19,La Ricotta,1963,https://boxd.it/oYDk
2023-01-19,The Innocent,2022,https://boxd.it/yDo4
2023-01-22,Elvis,2022,https://boxd.it/mK4w
2023-01-22,Grease,1978,https://boxd.it/29YW
2023-01-22,Hair,1979,https://boxd.it/1VIA
2023-01-22,Summer Time Rendering,2022,https://boxd.it/D1m0
2023-01-23,Until the End of the World,1991,https://boxd.it/1WuY
2023-01-25,Eyes Without a Face,1960,https://boxd.it/1j9i
2023-01-25,Strange Days,1995,https://boxd.it/2aGO
2023-01-25,The Stranger,1991,https://boxd.it/YxS
2023-01-25,An Ostrich Told Me the World Is Fake and I Think I Believe It,2022,https://boxd.it/zBoo
2023-01-25,The Cat,1977,https://boxd.it/5zNw
2023-01-26,The Basketball Diaries,1995,https://boxd.it/1WaO
2023-01-30,My Little Loves,1974,https://boxd.it/1Eg
2023-01-30,SLC Punk,1998,https://boxd.it/21JY
2023-02-02,Last and First Men,2020,https://boxd.it/kKi0
2023-02-04,Sorry Angel,2018,https://boxd.it/hs4o
2023-02-04,Suicide Club,2001,https://boxd.it/1RkY
2023-02-09,Love & Other Drugs,2010,https://boxd.it/UIi
2023-02-09,Close,2022,https://boxd.it/y4qa
2023-02-09,Knock at the Cabin,2023,https://boxd.it/npL2
2023-02-13,Thank You Guys,2023,https://boxd.it/yEhI
2023-02-19,Of an Age,2022,https://boxd.it/AbOM
2023-02-19,Fantastic Planet,1973,https://boxd.it/1KnQ
2023-02-19,From the New World,2012,https://boxd.it/oKp4
2023-02-20,Side Street Story,1950,https://boxd.it/gVm
2023-02-23,Casanova's Return,2022,https://boxd.it/uc9o
2023-03-02,Mad God,2021,https://boxd.it/vVPm
2023-03-06,The Long Walk,2019,https://boxd.it/l7xM
2023-03-07,Fire of Love,2022,https://boxd.it/yoPY
2023-03-08,Navalny,2022,https://boxd.it/yV2g
2023-03-12,Clockers,1995,https://boxd.it/1D7w
2023-03-16,Ed Wood,1994,https://boxd.it/2adM
2023-03-28,Ben-Hur,1959,https://boxd.it/29RQ
2023-03-30,Daniel Sloss: X,2019,https://boxd.it/nEGQ
2023-04-01,The Murmuring,2022,https://boxd.it/DkhI
2023-04-03,Ryuichi Sakamoto: Coda,2017,https://boxd.it/gZV4
2023-04-13,Air,2023,https://boxd.it/Arlc
2023-04-16,Balls of Fury,2007,https://boxd.it/1XTK
2023-04-16,Hiroshima Mon Amour,1959,https://boxd.it/22WY
2023-04-16,Fireworks,2023,https://boxd.it/xG2o
2023-04-18,I pionieri,2022,https://boxd.it/FDVQ
2023-04-18,Suzume,2022,https://boxd.it/yv7Y
2023-04-27,In the Mouth of Madness,1994,https://boxd.it/26vi
2023-04-27,The Mass Is Ended,1985,https://boxd.it/fjQ
2023-04-28,Demolition,2015,https://boxd.it/9GuY
2023-05-03,Riff-Raff,1991,https://boxd.it/iXY
2023-05-03,The Big Kahuna,1999,https://boxd.it/1LEo
2023-05-06,The Last Days of Humanity,2022,https://boxd.it/BYl2
2023-05-08,Interface,2022,https://boxd.it/DDhs
2023-05-09,The Souvenir,2019,https://boxd.it/gXU4
2023-05-12,The Seventh Continent,1989,https://boxd.it/1gB4
2023-05-15,Candy,2006,https://boxd.it/24l6
2023-05-15,How to Blow Up a Pipeline,2022,https://boxd.it/C69e
2023-05-16,Breakfast at Tiffany's,1961,https://boxd.it/2aYS
2023-05-22,Sleep Tight,2011,https://boxd.it/2GjC
2023-05-22,The Italian Job,1969,https://boxd.it/1W1i
2023-05-23,FLCL,2000,https://boxd.it/bWtG
2023-05-30,Donald Glover: Weirdo,2012,https://boxd.it/2XHG
2023-06-09,It's a Wonderful Life,1946,https://boxd.it/28xA
2023-06-11,After Work,2023,https://boxd.it/FhIq
2023-06-11,Surplus: Terrorized Into Being Consumers,2003,https://boxd.it/14hQ
2023-06-13,The Man Who Knew Too Much,1956,https://boxd.it/2a5S
2023-06-21,Videocracy,2009,https://boxd.it/1zcs
2023-06-21,Breaking Point (Team Liquid),2016,https://boxd.it/f0Bg
2023-06-28,Estômago: A Gastronomic Story,2007,https://boxd.it/2hnO
2023-06-28,Pixote,1980,https://boxd.it/XCs
2023-07-10,Asteroid City,2023,https://boxd.it/s3ds
2023-07-10,Dances with Wolves,1990,https://boxd.it/2a4K
2023-07-20,Lawless,2012,https://boxd.it/2TIK
2023-07-26,The Fifth Element,1997,https://boxd.it/71k
2023-07-26,As God Commands,2008,https://boxd.it/1yaU
2023-07-28,Teenage Mutant Ninja Turtles: Mutant Mayhem,2023,https://boxd.it/mK0a
2023-08-02,The Secret in Their Eyes,2009,https://boxd.it/1vWw
2023-08-09,An Endless Sunday,2023,https://boxd.it/HJyW
2023-08-10,Skins,2017,https://boxd.it/fsVI
2023-08-18,Medusa Deluxe,2022,https://boxd.it/zhsK
2023-08-20,Hanagatami,2017,https://boxd.it/hnUO
2023-08-22,Ride Your Wave,2019,https://boxd.it/jhcg
2023-08-29,Soul Kitchen,2009,https://boxd.it/1jGm
2023-08-29,Tomboy,2011,https://boxd.it/49U
2023-08-29,Infinity Train,2016,https://boxd.it/f5vM
2023-08-30,Black Sunday,1960,https://boxd.it/1rlG
2023-08-30,The Taste of Tea,2004,https://boxd.it/1Mse
2023-09-06,Clerks,1994,https://boxd.it/2706
2023-09-06,Anaïs in Love,2021,https://boxd.it/tnQw
2023-09-10,The Wolf House,2018,https://boxd.it/i1vE
2023-09-15,Time,2006,https://boxd.it/1voO
2023-09-23,Rotting in the Sun,2023,https://boxd.it/E37y
2023-09-25,Six Degrees of Separation,1993,https://boxd.it/1zva
2023-09-26,Glengarry Glen Ross,1992,https://boxd.it/1Yw8
2023-09-30,Strange Way of Life,2023,https://boxd.it/Aomw
2023-09-30,Facing It,2018,https://boxd.it/jAnM
2023-09-30,Patagonia,2023,https://boxd.it/Cbzc
2023-10-01,Daaaaaalí!,2023,https://boxd.it/DzQe
2023-10-01,The Rat Catcher,2023,https://boxd.it/Is8a
2023-10-04,Unbelievers,2023,https://boxd.it/FjVm
2023-10-08,The Working Class Goes to Heaven,1971,https://boxd.it/pCe
2023-10-12,Lars and the Real Girl,2007,https://boxd.it/21tG
2023-10-12,Talk to Me,2022,https://boxd.it/C6uQ
2023-10-12,Ninjababy,2021,https://boxd.it/ojtS
2023-10-15,Bitter Moon,1992,https://boxd.it/1W76
2023-10-20,The Fall of the House of Usher,2023,https://boxd.it/IWYg
2023-10-23,Athena,2022,https://boxd.it/waii
2023-10-28,Bargain,2022,https://boxd.it/DXXS
2023-11-02,The Balcony Movie,2021,https://boxd.it/vWD2
2023-11-05,Anatomy of a Fall,2023,https://boxd.it/yuDE
2023-11-06,Christmas Present,1986,https://boxd.it/ecY
2023-11-06,Wild Tales,2014,https://boxd.it/7UmK
2023-11-06,Return to Seoul,2022,https://boxd.it/zXDg
2023-11-11,Christiane F.,1981,https://boxd.it/1YiA
2023-11-20,The Heike Story,2022,https://boxd.it/y6xW
2023-11-21,Keep Your Hands Off Eizouken!,2020,https://boxd.it/pxs2
2023-11-24,Summer of Sam,1999,https://boxd.it/1WE0
2023-11-29,Love Life,2022,https://boxd.it/yXzm
2023-11-29,The Princess Bride,1987,https://boxd.it/26EY
2023-11-29,The Virgin Suicides,1999,https://boxd.it/28JG
2023-12-07,Leave the World Behind,2023,https://boxd.it/re0i
2023-12-07,Golden Door,2006,https://boxd.it/27Gm
2023-12-07,Don't Move,2004,https://boxd.it/1JJm
2023-12-10,Serpico,1973,https://boxd.it/1ZjE
2023-12-13,Mon Oncle,1958,https://boxd.it/2apy
2023-12-18,Evil Does Not Exist,2023,https://boxd.it/HJrc
2023-12-19,"Jeff, Who Lives at Home",2011,https://boxd.it/2TjU
2023-12-27,Le Havre,2011,https://boxd.it/2vzu
2023-12-30,Holy Spider,2022,https://boxd.it/xBn2
2023-12-31,Marie Antoinette,2006,https://boxd.it/27Wa
2024-01-05,Hunt for the Wilderpeople,2016,https://boxd.it/cTgG
2024-01-05,Boy,2010,https://boxd.it/13RS
2024-01-07,The Band of Honest Men,1956,https://boxd.it/q1o
2024-01-09,Macadam Stories,2015,https://boxd.it/b6uC
2024-01-09,Gol!a,2023,https://boxd.it/H1KY
2024-01-09,BlackBerry,2023,https://boxd.it/CoVK
2024-01-11,Onibaba,1964,https://boxd.it/252a
2024-01-12,The Last Temptation of Christ,1988,https://boxd.it/1ULe
2024-01-17,Necktie,2013,https://boxd.it/CfYA
2024-01-18,On the Beach at Night Alone,2017,https://boxd.it/fqEK
2024-01-19,Celeste Barber: Challenge Accepted,2019,https://boxd.it/nJaq
2024-01-23,The End of the Tour,2015,https://boxd.it/7jIE
2024-01-25,Presence,2024,https://boxd.it/H88i
2024-01-28,Tom at the Farm,2013,https://boxd.it/5B5m
2024-01-31,Blaga's Lessons,2023,https://boxd.it/GZeQ
2024-02-01,Afro Samurai,2007,https://boxd.it/a6W
2024-02-02,The Girl Who Leapt Through Time,1983,https://boxd.it/bpK
2024-02-02,"His Motorbike, Her Island",1986,https://boxd.it/9uk8
2024-02-02,Invincible,2022,https://boxd.it/F1Mc
2024-02-03,Smiley Face,2007,https://boxd.it/1QG0
2024-02-03,Leningrad Cowboys Go America,1989,https://boxd.it/1TLs
2024-02-04,I Dream in Another Language,2017,https://boxd.it/bZ5M
2024-02-06,Self,2024,https://boxd.it/KmPw
2024-02-08,Megalopolis,2024,https://boxd.it/lPBS
2024-02-08,How to Have Sex,2023,https://boxd.it/EFIM
2024-02-12,I'm Here,2010,https://boxd.it/19aA
2024-02-17,Birth,2004,https://boxd.it/1VvQ
2024-02-19,All About Lily Chou-Chou,2001,https://boxd.it/1JP0
2024-02-29,The Eternal Memory,2023,https://boxd.it/D4g0
2024-03-03,The Third Man,1949,https://boxd.it/294E
2024-03-03,Antipop,2024,https://boxd.it/LmoC
2024-03-08,Andrei Rublev,1966,https://boxd.it/29lg
2024-03-12,The Exterminating Angel,1962,https://boxd.it/1nRS
2024-03-15,The Beat That My Heart Skipped,2005,https://boxd.it/28CK
2024-03-16,Love Lies Bleeding,2024,https://boxd.it/zN4q
2024-03-16,Crash,1996,https://boxd.it/29n2
2024-03-20,Jin-Roh: The Wolf Brigade,1999,https://boxd.it/29wS
2024-03-21,A Cool Fish,2018,https://boxd.it/kgzK
2024-03-22,Nitram,2021,https://boxd.it/u0rA
2024-03-23,The Wild Boys,2017,https://boxd.it/h1kY
2024-03-23,Sing Street,2016,https://boxd.it/cOo6
2024-03-24,The Old Man and the Sea,1999,https://boxd.it/15Hg
2024-03-24,"Right Now, Wrong Then",2015,https://boxd.it/bWs4
2024-03-25,Sometimes I Think About Dying,2023,https://boxd.it/xGlg
2024-03-25,The Scent of Green Papaya,1993,https://boxd.it/1EWq
2024-03-27,High Fidelity,2000,https://boxd.it/2aMW
2024-03-29,On the Silver Globe,1988,https://boxd.it/1sAM
2024-03-31,Conan the Barbarian,1982,https://boxd.it/1YOm
2024-04-01,The Man from Nowhere,2010,https://boxd.it/AZy
2024-04-03,Midnight,2024,https://boxd.it/LM3g
2024-04-03,Casino,1995,https://boxd.it/2ads
2024-04-03,Eega,2012,https://boxd.it/4HhQ
2024-04-05,Nocturama,2016,https://boxd.it/dfdk
2024-04-05,In the House,2012,https://boxd.it/41HW
2024-04-06,Shiva Baby,2020,https://boxd.it/oIv0
2024-04-11,Breathe,2014,https://boxd.it/87L4
2024-04-11,Chronicle,2012,https://boxd.it/2Emk
2024-04-14,Central Station,1998,https://boxd.it/29RG
2024-04-15,Russian Ark,2002,https://boxd.it/1JQM
2024-04-16,River,2023,https://boxd.it/H1sK
2024-04-18,A Pigeon Sat on a Branch Reflecting on Existence,2014,https://boxd.it/3Ifa
2024-04-18,The Point,1971,https://boxd.it/1z52
2024-04-20,Don't Torture a Duckling,1972,https://boxd.it/Gfc
2024-04-21,Falling in Love Like in Movies,2023,https://boxd.it/EDQY
2024-04-22,Sleep Has Her House,2017,https://boxd.it/fljC
2024-04-22,The Turin Horse,2011,https://boxd.it/2Qsk
2024-04-23,Altered States,1980,https://boxd.it/1TBi
2024-04-23,Before the Devil Knows You're Dead,2007,https://boxd.it/20Jy
2024-04-23,Rio Bravo,1959,https://boxd.it/2aE4
2024-04-24,12th Fail,2023,https://boxd.it/I1sM
2024-04-24,Joint Security Area,2000,https://boxd.it/26Ja
2024-04-26,Himizu,2011,https://boxd.it/3oFs
2024-04-29,The Sympathizer,2024,https://boxd.it/G4lK
2024-04-30,The Thing,1982,https://boxd.it/294O
2024-05-01,Saint Maud,2019,https://boxd.it/l8QA
2024-05-01,Ernest & Celestine,2012,https://boxd.it/493A
2024-05-01,The Thief and the Cobbler,1993,https://boxd.it/1tpq
2024-05-03,Tokyo-Ga,1985,https://boxd.it/2DyE
2024-05-03,Furiosa: A Mad Max Saga,2024,https://boxd.it/tABk
2024-05-03,"Crouching Tiger, Hidden Dragon",2000,https://boxd.it/2b1M
2024-05-03,The Raid,2011,https://boxd.it/3hBy
2024-05-04,Europa Europa,1990,https://boxd.it/1ZpW
2024-05-04,The Monk and the Gun,2023,https://boxd.it/G0jK
2024-05-04,Explanation for Everything,2023,https://boxd.it/EHhS
2024-05-05,Ripley,2024,https://boxd.it/LT5S
2024-05-05,Unicorn Wars,2022,https://boxd.it/lBma
2024-05-05,Like Sheep Among Wolves,2023,https://boxd.it/EgQG
2024-05-08,Flash of Genius,2008,https://boxd.it/1N7m
2024-05-08,Sleuth,1972,https://boxd.it/298c
2024-05-08,The Descent,2005,https://boxd.it/1YNy
2024-05-09,Certified Copy,2010,https://boxd.it/IMW
2024-05-09,Carlos,2010,https://boxd.it/Uuq
2024-05-09,Animal Kingdom,2010,https://boxd.it/Ru8
2024-05-09,Mysteries of Lisbon,2010,https://boxd.it/UIos
2024-05-09,Beginners,2010,https://boxd.it/s2S
2024-05-09,The Trip,2010,https://boxd.it/6Bc
2024-05-09,Beyond the Black Rainbow,2010,https://boxd.it/EzY
2024-05-10,Troppo azzurro,2023,https://boxd.it/Gd2s
2024-05-16,Samsara,2023,https://boxd.it/EL1a
2024-05-17,The Act of Killing,2012,https://boxd.it/44Cg
2024-05-17,Winter Sleep,2014,https://boxd.it/7Ua0
2024-05-17,Seduced and Abandoned,1964,https://boxd.it/W1q
2024-05-21,The Damned,2024,https://boxd.it/E4I6
2024-05-23,Wasteland,2019,https://boxd.it/mWz2
2024-05-23,Johnny Got His Gun,1971,https://boxd.it/1KkM
2024-05-25,Junkyard Dog,2023,https://boxd.it/A9H0
2024-05-25,Civil War,2024,https://boxd.it/z1jW
2024-05-26,Parthenope,2024,https://boxd.it/FWo2
2024-05-29,Dear Zachary: A Letter to a Son About His Father,2008,https://boxd.it/1LW8
2024-05-29,Almost Famous,2000,https://boxd.it/29CQ
2024-05-30,Ready or Not,2019,https://boxd.it/kOf0
2024-05-31,Interstella 5555: The 5tory of the 5ecret 5tar 5ystem,2003,https://boxd.it/1ULy
2024-06-02,Girl Picture,2022,https://boxd.it/pvrG
2024-06-06,SPERMWORLD,2024,https://boxd.it/IE5C
2024-06-09,The Unbearable Lightness of Being,1988,https://boxd.it/1VKc
2024-06-10,I Used to Be Funny,2023,https://boxd.it/yzvU
2024-06-11,The Rose King,1986,https://boxd.it/LGC
2024-06-11,Herostratus,1967,https://boxd.it/2kky
2024-06-11,Mandala,1971,https://boxd.it/3yj2
2024-06-11,Tekkonkinkreet,2006,https://boxd.it/1Pui
2024-06-11,Innocence,2004,https://boxd.it/1f8A
2024-06-11,The Queen of Black Magic,1981,https://boxd.it/12DU
2024-06-11,Samsara,2011,https://boxd.it/3ada
2024-06-11,Dear Ex,2018,https://boxd.it/j1XK
2024-06-11,November,2017,https://boxd.it/fxu8
2024-06-11,Holy Shoes,2023,https://boxd.it/ESYe
2024-06-11,The Sacrifice,1986,https://boxd.it/1xg8
2024-06-11,Lucky Grandma,2019,https://boxd.it/m2by
2024-06-15,A Quiet Place: Day One,2024,https://boxd.it/sDAi
2024-06-16,Ultraman: Rising,2024,https://boxd.it/vfFa
2024-06-17,About Dry Grasses,2023,https://boxd.it/oNbO
2024-06-17,Samuel,2024,https://boxd.it/LWKk
2024-06-18,Burn After Reading,2008,https://boxd.it/23BW
2024-06-19,Nobody Knows,2004,https://boxd.it/26E0
2024-06-19,The King's Speech,2010,https://boxd.it/dX0
2024-06-19,Embrace of the Serpent,2015,https://boxd.it/baba
2024-06-21,"Jeanne Dielman, 23, quai du Commerce, 1080 Bruxelles",1975,https://boxd.it/T18
2024-06-21,Seconds,1966,https://boxd.it/1Dbe
2024-06-21,Safe,1995,https://boxd.it/1gKU
2024-06-23,Green Porno,2008,https://boxd.it/UBrO
2024-06-29,Scavengers Reign,2023,https://boxd.it/K7fI
2024-07-02,Bando Stone and The New World,,https://boxd.it/MBUK
2024-07-02,Band of Brothers,2001,https://boxd.it/aRNY
2024-07-02,Upstream Color,2013,https://boxd.it/4Cwc
2024-07-02,Fremont,2023,https://boxd.it/DHjM
2024-07-03,The People's Joker,2022,https://boxd.it/uqVQ
2024-07-09,The Ciambra,2017,https://boxd.it/gaz2
2024-07-09,The Vertical Line,2018,https://boxd.it/hZ5u
2024-07-12,Fly Me to the Moon,2024,https://boxd.it/A7Xg
2024-07-16,Crossing,2024,https://boxd.it/sLu8
2024-07-16,Bird,2024,https://boxd.it/GGhm
2024-07-17,Femme,2023,https://boxd.it/ASQw
2024-07-17,The Last Year of Darkness,2023,https://boxd.it/FjYU
2024-07-17,The Crow,1994,https://boxd.it/1Yxq
2024-07-19,Death Is a Problem for the Living,2023,https://boxd.it/DXdU
2024-07-19,Paranoia Agent,2004,https://boxd.it/lPy0
2024-07-19,Barakamon,2014,https://boxd.it/qvSa
2024-07-19,Cria!,1976,https://boxd.it/AoC
2024-07-21,The Sea Inside,2004,https://boxd.it/27S8
2024-07-21,The King Tide,2023,https://boxd.it/HS68
2024-07-22,Mononoke,2007,https://boxd.it/meNa
2024-07-22,Don't Look Now,1973,https://boxd.it/29fC
2024-07-22,Man Bites Dog,1992,https://boxd.it/1X7Q
2024-07-23,Kotoko,2011,https://boxd.it/3030
2024-07-24,Rosencrantz & Guildenstern Are Dead,1990,https://boxd.it/1FXE
2024-07-25,Fyre,2019,https://boxd.it/kP0g
2024-07-25,Happy End,2017,https://boxd.it/dZ2C
2024-07-25,Beau Travail,1999,https://boxd.it/1NI8
2024-07-25,We Are the Best!,2013,https://boxd.it/5Mek
2024-07-29,The Levelling,2016,https://boxd.it/eALu
2024-07-29,Light Sleeper,1992,https://boxd.it/1aKa
2024-08-01,The Company of Strangers,1990,https://boxd.it/44PO
2024-08-01,"Welcome Back, Mr. McDonald",1997,https://boxd.it/3u5q
2024-08-01,Cat Soup,2001,https://boxd.it/1wrk
2024-08-01,Miracle Mile,1988,https://boxd.it/1x68
2024-08-01,Joyland,2022,https://boxd.it/AlzM
2024-08-01,"The Cook, the Thief, His Wife & Her Lover",1989,https://boxd.it/20VO
2024-08-01,Il Posto,1961,https://boxd.it/1iqC
2024-08-04,All the Long Nights,2024,https://boxd.it/F3Re
2024-08-05,Maborosi,1995,https://boxd.it/1G9U
2024-08-05,The Green Ray,1986,https://boxd.it/t8W
2024-08-05,April Story,1998,https://boxd.it/2n9o
2024-08-08,Ama Gloria,2023,https://boxd.it/ufPi
2024-08-08,Still Time,2022,https://boxd.it/xgv0
2024-08-10,Guava Island,2019,https://boxd.it/jOF6
2024-08-13,The Quiet Girl,2022,https://boxd.it/yvgm
2024-08-17,Underground,1995,https://boxd.it/1SOA
2024-08-17,The Hypnosis,2023,https://boxd.it/C1AE
2024-08-18,Prometheus,2012,https://boxd.it/2s9e
2024-08-18,Mondo Cane,1962,https://boxd.it/1gGo
2024-08-18,Mondo Cane 2,1963,https://boxd.it/35A4
2024-08-20,From Afar,2015,https://boxd.it/bQmY
2024-08-23,Night on Earth,1991,https://boxd.it/2ayq
2024-08-23,Landscape in the Mist,1988,https://boxd.it/JRy
2024-08-28,Decalogue I,1989,https://boxd.it/3WmE
2024-09-03,Close Your Eyes,2023,https://boxd.it/BGhm
2024-09-05,Queer,2024,https://boxd.it/E4RW
2024-09-07,High Stakes - A Night In The Ward,2024,https://boxd.it/GdSS
2024-09-08,Sleep,2023,https://boxd.it/Aqmo
2024-09-08,Mussolini: Son of the Century,2024,https://boxd.it/SM6S
2024-09-08,"The Boy, the Mole, the Fox and the Horse",2022,https://boxd.it/BBT6
2024-09-09,The Addiction,1995,https://boxd.it/1cZQ
2024-09-11,In the Loop,2009,https://boxd.it/1EsA
2024-09-11,Cobweb,2023,https://boxd.it/y3ag
2024-09-11,Frieren: Beyond Journey's End,2023,https://boxd.it/MbNo
2024-09-11,The Open Couple,2024,https://boxd.it/O7fc
2024-09-16,The Cabinet of Dr. Caligari,1920,https://boxd.it/2aOo
2024-09-16,Dazed and Confused,1993,https://boxd.it/1Ylk
2024-09-16,Nowhere,1997,https://boxd.it/286E
2024-09-17,M,1931,https://boxd.it/29vq
2024-09-17,The Adventures of Gigi the Law,2022,https://boxd.it/zy3i
2024-09-19,No Other Land,2024,https://boxd.it/KOTG
2024-09-19,April,2024,https://boxd.it/Egx0
2024-09-19,Nickel Boys,2024,https://boxd.it/CStQ
2024-09-19,Crimes of the Future,2022,https://boxd.it/uTuY
2024-09-19,Skinamarink,2022,https://boxd.it/ByDO
2024-09-20,Lenny,1974,https://boxd.it/1sym
2024-09-21,Mishima: A Life in Four Chapters,1985,https://boxd.it/1sBA
2024-09-23,The Animal Kingdom,2023,https://boxd.it/zzJk
2024-09-24,Carnal Knowledge,1971,https://boxd.it/1au2
2024-09-25,Vermiglio,2024,https://boxd.it/HxDK
2024-09-29,But I'm a Cheerleader,1999,https://boxd.it/1CW4
2024-10-01,PAPmusic: Animation for Fashion,2024,https://boxd.it/P0a2
2024-10-02,Bramayugam,2024,https://boxd.it/Iekc
2024-10-02,Dead Talents Society,2024,https://boxd.it/C3y6
2024-10-03,Disclaimer,2024,https://boxd.it/PDv4
2024-10-03,Women on the Verge of a Nervous Breakdown,1988,https://boxd.it/24GI
2024-10-04,The Old Oak,2023,https://boxd.it/AEng
2024-10-04,Pulse,2001,https://boxd.it/1s3y
2024-10-04,Frances Ha,2012,https://boxd.it/41Xg
2024-10-04,The Platform 2,2024,https://boxd.it/Gz88
2024-10-06,It's What's Inside,2024,https://boxd.it/DOV4
2024-10-06,Ritual,2000,https://boxd.it/14z6
2024-10-09,Midnight Run,1988,https://boxd.it/1ZnQ
2024-10-10,La Máquina,2024,https://boxd.it/QFS2
2024-10-12,Memories,1995,https://boxd.it/Vz2
2024-10-12,Infernal Affairs,2002,https://boxd.it/1Vqw
2024-10-13,Joker: Folie à Deux,2024,https://boxd.it/xBoE
2024-10-15,Love & Pop,1998,https://boxd.it/2sv0
2024-10-17,The Day the Earth Blew Up: A Looney Tunes Movie,2024,https://boxd.it/wPxe
2024-10-17,Pauline at the Beach,1983,https://boxd.it/1WC4
2024-10-17,Ways of Seeing,1972,https://boxd.it/qPO8
2024-10-18,The Legend of Ochi,2025,https://boxd.it/xRZm
2024-10-19,TRIGUN,1998,https://boxd.it/px2y
2024-10-20,Baraka,1992,https://boxd.it/1OWA
2024-10-20,2 or 3 Things I Know About Her,1967,https://boxd.it/20Am
2024-10-20,Yoko,2023,https://boxd.it/Feq4
2024-10-24,A Better Tomorrow,1986,https://boxd.it/1TLW
2024-10-25,The Seed of the Sacred Fig,2024,https://boxd.it/MKo4
2024-10-25,Stalled,2022,https://boxd.it/D3na
2024-10-26,Naples to New York,2024,https://boxd.it/G5Mi
2024-10-29,Personal Shopper,2016,https://boxd.it/bkGM
2024-10-31,Chinatown,1974,https://boxd.it/29vU
2024-11-02,The Story of Film: An Odyssey,2011,https://boxd.it/A10C
2024-11-03,T1 Rose Together,2024,https://boxd.it/PLis
2024-11-04,The Place,2017,https://boxd.it/gLSU
2024-11-04,Soap Opera,2014,https://boxd.it/9tLM
2024-11-08,Keep an Eye Out,2018,https://boxd.it/h1aY
2024-11-08,Love Exposure,2008,https://boxd.it/1pDe
2024-11-08,Flow,2024,https://boxd.it/v1Ei
2024-11-09,20th Century Women,2016,https://boxd.it/bqU6
2024-11-10,Throne of Blood,1957,https://boxd.it/251w
2024-11-10,Bullet Ballet,1998,https://boxd.it/1uMg
2024-11-10,Fritz the Cat,1972,https://boxd.it/1RCI
2024-11-13,Do Not Expect Too Much from the End of the World,2023,https://boxd.it/zkHI
2024-11-13,Una squadra,2022,https://boxd.it/Axk0
2024-11-14,Through the Olive Trees,1994,https://boxd.it/Lx6
2024-11-17,Incredible But True,2022,https://boxd.it/rBtC
2024-11-19,Garden State,2004,https://boxd.it/2asW
2024-11-21,Music by John Williams,2024,https://boxd.it/EIDK
2024-11-26,Tony Hawk: Until the Wheels Fall Off,2022,https://boxd.it/xg52
2024-11-27,I'm Still Here,2024,https://boxd.it/BPEO
2024-11-29,My Sassy Girl,2001,https://boxd.it/1Ury
2024-11-29,Short Cuts,1993,https://boxd.it/29Nk
2024-11-29,Allen Sunshine,2024,https://boxd.it/CSbs
2024-11-30,Kaili Blues,2015,https://boxd.it/cksW
2024-11-30,Shall We Dance?,1996,https://boxd.it/1UhS
2024-12-02,Penda's Fen,1974,https://boxd.it/4oQW
2024-12-03,Sing Sing,2023,https://boxd.it/HIBA
2024-12-04,Seven Beauties,1975,https://boxd.it/185a
2024-12-04,Wallace & Gromit: Vengeance Most Fowl,2024,https://boxd.it/z14C
2024-12-06,Grand Tour,2024,https://boxd.it/FzwC
2024-12-06,Fiasco,2024,https://boxd.it/MVF6
2024-12-06,The Marching Band,2024,https://boxd.it/BPIQ
2024-12-09,Trading Places,1983,https://boxd.it/28sK
2024-12-10,Rocco and His Brothers,1960,https://boxd.it/20bG
2024-12-10,Topo Gigio and the Missile War,1967,https://boxd.it/46Nq
2024-12-10,"Wax, or The Discovery of Television Among the Bees",1991,https://boxd.it/une
2024-12-11,The Royal Tenenbaums,2001,https://boxd.it/1YHU
2024-12-14,The Children's Train,2024,https://boxd.it/IM1y
2024-12-15,Sugarcane,2024,https://boxd.it/HQ7y
2024-12-15,I Like Movies,2022,https://boxd.it/B3u2
2024-12-16,Fences,2016,https://boxd.it/dL6A
2024-12-18,The Most Precious of Cargoes,2024,https://boxd.it/vMSc
2024-12-18,The Count of Monte Cristo,2024,https://boxd.it/F1Nk
2024-12-18,Last Year at Marienbad,1961,https://boxd.it/24Qe
2024-12-18,Jacob's Ladder,1990,https://boxd.it/270g
2024-12-18,The Reflecting Skin,1990,https://boxd.it/1CkY
2024-12-18,The Florida Project,2017,https://boxd.it/dMG0
2024-12-28,Lisa Frankenstein,2024,https://boxd.it/ByjY
2024-12-28,Das Boot,1981,https://boxd.it/2av2
2024-12-28,Let the Right One In,2008,https://boxd.it/1Qr0
2024-12-28,The Gods Must Be Crazy,1980,https://boxd.it/20eq
2024-12-29,DRIB,2017,https://boxd.it/eFGY
2024-12-29,The Sound of Music,1965,https://boxd.it/1MLK
2024-12-29,Chicken for Linda!,2023,https://boxd.it/lGfS
2024-12-30,The Muppet Christmas Carol,1992,https://boxd.it/1WgC
2024-12-30,Re-Animator,1985,https://boxd.it/28hM
2024-12-31,Afterimage,2016,https://boxd.it/evvw
2025-01-04,Made in Hong Kong,1997,https://boxd.it/1uFk
2025-01-06,The Man Who Killed Don Quixote,2018,https://boxd.it/9rkY
2025-01-06,Scenes from a Marriage,1974,https://boxd.it/4kJC
2025-01-06,Raising Arizona,1987,https://boxd.it/2avQ
2025-01-07,Gondola,2023,https://boxd.it/J04m
2025-01-07,Juror #2,2024,https://boxd.it/FRwU
2025-01-08,Death's Game,2023,https://boxd.it/KPou
2025-01-08,Il Bi e il Ba,1986,https://boxd.it/4K8s
2025-01-08,Run Lola Run,1998,https://boxd.it/2b8o
2025-01-08,Mandy,2018,https://boxd.it/gtti
2025-01-09,The Young and the Damned,1950,https://boxd.it/29AA
2025-01-10,Rap World,2024,https://boxd.it/LPe2
2025-01-10,Ghostlight,2024,https://boxd.it/K5c8
2025-01-10,Kingdom of Heaven,2005,https://boxd.it/28Gs
2025-01-12,My Favourite Cake,2024,https://boxd.it/KU6K
2025-01-12,Red Rocket,2021,https://boxd.it/sGpi
2025-01-12,Limelight,1952,https://boxd.it/1osa
2025-01-15,The Runner,1984,https://boxd.it/6nie
2025-01-15,Cut,2011,https://boxd.it/5jgw
2025-01-15,Still Walking,2008,https://boxd.it/1wvm
2025-01-16,Blood Pay,2025,https://boxd.it/SpjY
2025-01-19,Sweetpea,2024,https://boxd.it/QMrs
2025-01-20,Diva Futura,2024,https://boxd.it/H9zO
2025-01-21,Baby Assassins Everyday!,2024,https://boxd.it/Ov5K
2025-01-26,May,2002,https://boxd.it/1V8M
2025-01-27,Thoroughbreds,2017,https://boxd.it/dVHQ
2025-01-28,Milk & Serial,2024,https://boxd.it/J2Za
2025-01-29,Exhuma,2024,https://boxd.it/vCu0
2025-01-29,Everybody's Fine,1990,https://boxd.it/OFW
2025-01-29,The Star Maker,1995,https://boxd.it/174A
2025-01-30,Ciao bambino,2024,https://boxd.it/Qlku
2025-01-30,Rosetta,1999,https://boxd.it/1TJw
2025-02-05,The Death of Stalin,2017,https://boxd.it/ea9Y
2025-02-10,"It's a Mad, Mad, Mad, Mad World",1963,https://boxd.it/1TvO
2025-02-10,A Close Shave,1995,https://boxd.it/2aca
2025-02-10,Wallace & Gromit: The Curse of the Were-Rabbit,2005,https://boxd.it/2ac0
2025-02-10,A Matter of Loaf and Death,2008,https://boxd.it/1O4S
2025-02-13,I Married a Strange Person!,1997,https://boxd.it/AcG
2025-02-14,The Doom Generation,1995,https://boxd.it/1PVe
2025-02-14,Terminal USA,1993,https://boxd.it/5zxI
2025-02-14,"RiffTrax Live: ""Manos"" the Hands of Fate",2012,https://boxd.it/pOOE
2025-02-18,Babysitter,2022,https://boxd.it/sKc8
2025-02-20,Ne Zha,2019,https://boxd.it/mKSm
2025-02-20,Ne Zha 2,2025,https://boxd.it/B2qe
2025-02-20,Mars Express,2023,https://boxd.it/lATC
2025-02-21,The Loneliness of the Long Distance Runner,1962,https://boxd.it/1KOM
2025-02-22,Grand Theft Hamlet,2024,https://boxd.it/KUyE
2025-02-24,Gaslight,1944,https://boxd.it/1PYs
2025-02-27,Magic Candies,2024,https://boxd.it/LzfI
2025-03-03,Thank You Very Much,2023,https://boxd.it/HJDi
2025-03-05,Pink Flamingos,1972,https://boxd.it/29NO
2025-03-08,A Whole Life Ahead,2008,https://boxd.it/Agy
2025-03-08,This Is Not Hollywood,2024,https://boxd.it/RALW
2025-03-13,Barbie,2011,https://boxd.it/4tGi
2025-03-14,Barking Dogs Never Bite,2000,https://boxd.it/1BLa
2025-03-15,The Experiment,2001,https://boxd.it/2a5I
2025-03-20,Limbo,2020,https://boxd.it/khaw
2025-03-21,Shadow of Fire,2023,https://boxd.it/EL86
2025-03-22,Feeling Better,2024,https://boxd.it/OmnU
2025-03-26,Promare,2019,https://boxd.it/keFQ
2025-03-29,Elite Squad,2007,https://boxd.it/20YI
2025-03-29,Tinā,2024,https://boxd.it/M5YK
2025-03-30,"Luxembourg, Luxembourg",2022,https://boxd.it/BZyc
2025-03-30,Pity,2018,https://boxd.it/hDNY
2025-03-30,Memoir of a Murderer,2017,https://boxd.it/flU4
2025-03-31,Living in Oblivion,1995,https://boxd.it/1ZeO
2025-03-31,The Player,1992,https://boxd.it/1WlM
2025-04-02,The Beasts,2022,https://boxd.it/w1L6
2025-04-04,Sympathy for Mr. Vengeance,2002,https://boxd.it/23WU
2025-04-07,Code Unknown,2000,https://boxd.it/1kaw
2025-04-07,The White Ribbon,2009,https://boxd.it/17eU
2025-04-07,What Do We See When We Look at the Sky?,2021,https://boxd.it/tWcQ
2025-04-07,Bugonia,2025,https://boxd.it/qeWY
2025-04-08,Sinners,2025,https://boxd.it/KQMM
2025-04-08,Not Just a Goof,2024,https://boxd.it/MGFq
2025-04-09,I've Heard the Ammonite Murmur,1992,https://boxd.it/dHXA
2025-04-09,2/Duo,1997,https://boxd.it/4ENY
2025-04-09,GIFT,2023,https://boxd.it/HJwc
2025-04-09,"Clean, Shaven",1993,https://boxd.it/28IS
2025-04-10,Husbands,1970,https://boxd.it/zOY
2025-04-14,Neo Tokyo,1987,https://boxd.it/18ls
2025-04-14,A Nice Indian Boy,2024,https://boxd.it/GG6o
2025-04-16,Loveless,2017,https://boxd.it/fcFa
2025-04-18,Caught by the Tides,2024,https://boxd.it/GZ4Q
2025-04-22,Green Street Hooligans,2005,https://boxd.it/1ZA6
2025-04-23,Ashima,2023,https://boxd.it/JhAk
2025-04-23,3 Idiots,2009,https://boxd.it/1Dsa
2025-04-25,All We Imagine as Light,2024,https://boxd.it/yXaQ
2025-04-26,Her Private Hell,,https://boxd.it/UtHY
2025-04-27,Songs from the Second Floor,2000,https://boxd.it/1eoM
2025-04-28,The Smashing Machine,2025,https://boxd.it/syUC
2025-05-01,Together,2025,https://boxd.it/LdFE
2025-05-03,A Simple Life,2011,https://boxd.it/3cl6
2025-05-03,Loveable,2024,https://boxd.it/EXuo
2025-05-03,Bleeder,1999,https://boxd.it/1HKs
2025-05-04,The Night of the Hunter,1955,https://boxd.it/25HW
2025-05-06,Hour of the Wolf,1968,https://boxd.it/1H9G
2025-05-06,Daddy Longlegs,2009,https://boxd.it/kNQ
2025-05-07,Dead Man's Shoes,2004,https://boxd.it/1R6C
2025-05-11,Honey Don't!,2025,https://boxd.it/Hurc
2025-05-16,Ali: Fear Eats the Soul,1974,https://boxd.it/2aRi
2025-05-17,The Ugly Stepsister,2025,https://boxd.it/MZBM
2025-05-17,Wild Wild Country,2018,https://boxd.it/j1P2
2025-05-17,Asterix & Obelix: The Big Fight,2025,https://boxd.it/UFHG
2025-05-18,Caddo Lake,2024,https://boxd.it/wDSu
2025-05-21,Hard Truths,2024,https://boxd.it/CiDq
2025-05-23,A Useful Ghost,2025,https://boxd.it/Qy4O
2025-05-24,Sleepless City,2025,https://boxd.it/O7dA
2025-05-26,It Was Just an Accident,2025,https://boxd.it/TX2k
2025-05-29,Threads,1984,https://boxd.it/1I0g
2025-05-30,Mountainhead,2025,https://boxd.it/Sskq
2025-06-03,Descent Into Darkness,2012,https://boxd.it/cdYc
2025-06-05,Lost in Starlight,2025,https://boxd.it/I6Yo
2025-06-09,The Hourglass Sanatorium,1973,https://boxd.it/OUW
2025-06-09,The Ox-Bow Incident,1943,https://boxd.it/29ai
2025-06-14,Lake Michigan Monster,2018,https://boxd.it/jQgW
2025-06-14,Fists in the Pocket,1965,https://boxd.it/MPA
2025-06-15,Kedi,2016,https://boxd.it/dHxM
2025-06-15,EO,2022,https://boxd.it/txhc
2025-06-17,Secret Mall Apartment,2024,https://boxd.it/L2S8
2025-06-23,Girls' Encounter,2017,https://boxd.it/iPdg
2025-06-25,Asako I & II,2018,https://boxd.it/hyNk
2025-06-25,La Cocina,2024,https://boxd.it/Aula
2025-06-29,No Other Choice,2025,https://boxd.it/nKiA
2025-06-29,The Discreet Charm of the Bourgeoisie,1972,https://boxd.it/2440
2025-07-05,Boys Go to Jupiter,2024,https://boxd.it/KVrO
2025-07-09,The Graduate,1967,https://boxd.it/18Im
2025-07-09,Who's Afraid of Virginia Woolf?,1966,https://boxd.it/2atK
2025-07-11,The Scent of the Night,1998,https://boxd.it/9eU
2025-07-11,A Man Escaped,1956,https://boxd.it/1MzY
2025-07-16,Submarino,2010,https://boxd.it/Mk8
2025-07-16,Tampopo,1985,https://boxd.it/1SZe
2025-07-21,A Prophet,2009,https://boxd.it/1BGE
2025-07-21,Toni Erdmann,2016,https://boxd.it/d0xu
2025-07-21,Umberto D.,1952,https://boxd.it/29vg
2025-07-23,The Final Exit of the Disciples of Ascensia,2019,https://boxd.it/mpRC
2025-07-26,Mr. McMahon,2024,https://boxd.it/Q7TA
2025-08-04,Frantz,2016,https://boxd.it/d6Ym
2025-08-04,Swimming Pool,2003,https://boxd.it/2aDU
2025-08-04,The Railroad Man,1956,https://boxd.it/lqe
2025-08-05,Midnight Cowboy,1969,https://boxd.it/25Hi
2025-08-07,Hard Candy,2005,https://boxd.it/26vs
2025-08-07,Red Rooms,2023,https://boxd.it/ym4c
2025-08-08,Good Boy,2025,https://boxd.it/SC0q
2025-08-15,After Life,1998,https://boxd.it/1HMI
2025-08-15,Humanist Vampire Seeking Consenting Suicidal Person,2023,https://boxd.it/Blzk
2025-08-15,Lost in La Mancha,2002,https://boxd.it/1Cie
2025-08-17,Cosy Dens,1999,https://boxd.it/1MkO
2025-08-21,Digital Video Editing with Adobe Premiere Pro: The Real-World Guide to Set Up and Workflow,2020,https://boxd.it/qWKs
2025-08-25,The Long Walk,2025,https://boxd.it/mic8
2025-08-29,The Tenant,1976,https://boxd.it/1TKk
2025-08-30,Latin Blood – The Ballad of Ney Matogrosso,2025,https://boxd.it/JZCY
2025-08-30,La Grazia,2025,https://boxd.it/RLHm
2025-09-01,Caught Stealing,2025,https://boxd.it/LnyS
2025-09-01,The Roses,2025,https://boxd.it/MjnI
2025-09-04,For One More Hour with You,2002,https://boxd.it/3x9U
2025-09-04,Theorem,1968,https://boxd.it/237C
2025-09-06,Love Untangled,2025,https://boxd.it/Qfao
2025-09-07,The Great War,1959,https://boxd.it/qUI
2025-09-07,The Enigma of Kaspar Hauser,1974,https://boxd.it/1Tba
2025-09-07,Silent Friend,2025,https://boxd.it/IiEg
2025-09-08,Palestine Islands,2023,https://boxd.it/LAbs
2025-09-09,Joe Pera: Slow & Steady,2023,https://boxd.it/IKay
2025-09-09,Joe Pera Helps You Find the Perfect Christmas Tree,2016,https://boxd.it/fj4q
2025-09-09,True Stories,1986,https://boxd.it/1wXU
2025-09-09,Relaxing Old Footage With Joe Pera,2020,https://boxd.it/qqIk
2025-09-22,Blind Chance,1987,https://boxd.it/2b4G
2025-09-26,How to Build a Time Machine,2016,https://boxd.it/8eN2
2025-09-26,Doggiewoggiez! Poochiewoochiez!,2012,https://boxd.it/3n0y
2025-09-30,Shepherds,2024,https://boxd.it/BlpO
2025-10-03,The Voice of Hind Rajab,2025,https://boxd.it/UXdO
2025-10-04,The Art of Joy,2024,https://boxd.it/SIzm
2025-10-04,Attitudini: Nessuna,2025,https://boxd.it/O7am
2025-10-05,Hamnet,2025,https://boxd.it/woVy
2025-10-05,Sentimental Value,2025,https://boxd.it/GwcG
2025-10-09,Devils on the Doorstep,2000,https://boxd.it/1v16
2025-10-09,Time Still Turns the Pages,2023,https://boxd.it/Aap2
2025-10-09,A Page of Madness,1926,https://boxd.it/3i2u
2025-10-10,Little Shop of Horrors,1986,https://boxd.it/1Vqm
2025-10-12,Banned from Broadcast: The Movie—Saiko! The Large Family,2009,https://boxd.it/jOHw
2025-10-15,Columbus,2017,https://boxd.it/eCuA
2025-10-16,The Whispering Star,2015,https://boxd.it/c2y8
2025-10-16,Mr. Scorsese,2025,https://boxd.it/XG7K
2025-10-17,Wake Up Dead Man,2025,https://boxd.it/uAKS
2025-10-18,Die My Love,2025,https://boxd.it/D5cI
2025-10-19,The Running Man,2025,https://boxd.it/u36A
2025-10-20,Good Fortune,2025,https://boxd.it/GavG
2025-10-21,The Moustache,2005,https://boxd.it/1Jn6
2025-10-22,Millennium Mambo,2001,https://boxd.it/1Tzw
2025-10-22,The Baby,1973,https://boxd.it/1q7I
2025-10-22,Rental Family,2025,https://boxd.it/JQOw
2025-10-23,Lesbian Space Princess,2025,https://boxd.it/PgP6
2025-10-24,Jigoku,1960,https://boxd.it/EfY
2025-10-24,It Ends,2025,https://boxd.it/SBUi
2025-10-28,Chainsaw Man – The Movie: Reze Arc,2025,https://boxd.it/Kgyu
2025-10-29,Homework,1989,https://boxd.it/4Cnk
2025-10-30,Frankenstein,2025,https://boxd.it/Ecsg
2025-10-30,The Perfect Neighbor,2025,https://boxd.it/RSG6
2025-10-31,I Am Frankelda,2025,https://boxd.it/GkEo
2025-11-02,Keeper,2025,https://boxd.it/N8lI
2025-11-02,Exit 8,2025,https://boxd.it/S9Kk
2025-11-02,Once Upon a Time in Anatolia,2011,https://boxd.it/2yHG
